slug,title,category,tags,summary,confusion_point,pattern_rows,article_title,article_lead,exam_points,common_mistakes,memory_tip,related_terms,faq_1_question,faq_1_answer,faq_2_question,faq_2_answer,faq_3_question,faq_3_answer,faq_4_question,faq_4_answer,fact_checked_at
,35条説明と37条書面の取り違え,宅建業法,重要事項説明;37条書面;宅建士;記名押印;タイミング,宅建業法35条（重要事項説明）と37条（契約締結後の書面交付）は、義務者・タイミング・記載事項がすべて異なるにもかかわらず、試験では混同させる選択肢が頻出する。,「どちらも宅建士が関与する」という共通点から、記名押印の要否・説明義務の有無・交付タイミングを取り違えやすい。,"[{""topic"": ""実施タイミング"", ""wrong"": ""37条書面は契約締結前に交付しなければならない"", ""correct"": ""37条書面は契約締結後、遅滞なく交付する（35条説明が契約前）"", ""trap"": ""「説明→契約→書面」という順序を逆に覚えているケースが多い""}, {""topic"": ""宅建士の関与"", ""wrong"": ""37条書面への記名は宅建士でなくても業者代表者なら可"", ""correct"": ""37条書面には宅建士が記名しなければならない（押印は2022年改正で不要）"", ""trap"": ""2022年のデジタル改革で押印廃止後も「記名」は宅建士必須のまま""}, {""topic"": ""説明義務"", ""wrong"": ""35条説明は書面を交付すれば口頭説明は省略できる"", ""correct"": ""35条説明は宅建士が対面（またはIT重説）で口頭説明する義務がある"", ""trap"": ""書面交付のみでは義務を果たしたことにならない""}, {""topic"": ""相手方"", ""wrong"": ""37条書面は買主にのみ交付すれば足りる"", ""correct"": ""37条書面は契約の両当事者（買主・売主）に交付しなければならない"", ""trap"": ""35条説明は買主側のみが対象なのと混同しやすい""}, {""topic"": ""代理・媒介の場合"", ""wrong"": ""媒介の場合、37条書面は依頼者の一方にのみ交付すれば足りる"", ""correct"": ""媒介の場合でも37条書面は契約の両当事者に交付する義務がある"", ""trap"": ""「媒介＝片方だけ」というイメージで誤答しやすい""}, {""topic"": ""記載事項（必須）"", ""wrong"": ""代金の額は35条説明の必須記載事項に含まれる"", ""correct"": ""代金の額は37条書面の必須記載事項であり、35条説明には含まれない"", ""trap"": ""金額という重要情報は35条で説明するイメージが先行しやすい""}, {""topic"": ""IT重説"", ""wrong"": ""IT重説（オンライン重説）は37条書面の交付にも適用できる"", ""correct"": ""IT重説は35条の重要事項説明に適用されるもので、37条書面交付とは別の手続き"", ""trap"": ""IT化推進の文脈でどちらにも適用されると誤解されやすい""}]",【宅建業法】35条説明と37条書面を完全攻略！よくある誤答パターンと正確な区別法,"宅建試験において「重要事項説明（35条）」と「37条書面（契約書面）」は毎年必ず出題される最重要テーマです。両者はどちらも宅建士が関与する書類であるため、受験生が最も混同しやすいポイントのひとつとして知られています。特に「タイミング」「記名義務の有無」「記載必須事項の違い」の3点は頻繁に入れ替えられた選択肢として出題されます。

35条説明のポイントは「契約前・宅建士による口頭説明・買主等への説明義務」です。一方、37条書面は「契約後・遅滞なく交付・両当事者への書面交付・宅建士の記名（押印は2022年より不要）」が核心です。この2つを表として対比して覚えることで、どの選択肢が誤りかを瞬時に判断できるようになります。

近年の改正では、2022年のデジタル改革関連法により37条書面への押印義務が廃止されました。しかし「記名」は引き続き宅建士の義務として残っています。試験では「押印不要」という正確な知識を問う問題が増えており、「記名も不要になった」という誤りの選択肢に注意が必要です。改正情報を含めた最新知識で確実に得点しましょう。",35条説明は契約締結前に実施する;37条書面は契約締結後に遅滞なく交付する;35条説明は宅建士が口頭で説明する義務がある;37条書面には宅建士の記名が必要（押印は2022年改正で不要）;35条説明の相手方は買主・借主等（売主・貸主には不要）;37条書面は契約の両当事者に交付しなければならない;代金の額は35条説明の必須事項ではなく37条書面の必須事項;IT重説は35条説明に適用され、37条書面交付とは別の制度,「37条書面も契約前に交付する」と誤解する;37条書面への押印廃止を「記名も不要」と拡大解釈する;媒介の場合に37条書面を依頼者の一方にのみ交付すれば足りると誤解する;35条説明で書面交付のみで口頭説明を省略できると誤解する;代金の額が35条の必須記載事項と混同する,「35条は説明→契約前、37条は書面→契約後」と語呂で覚え、番号の小さい方が先（説明が先）と関連づけると順序を忘れない。,重要事項説明（35条書面）;37条書面;宅建士;クーリングオフ,,,,,,,,,2026-05-27
,媒介と代理の混同,宅建業法,媒介;代理;双方代理;報酬;依頼者,媒介（仲介）と代理は宅建業の基本的な取引形態だが、法的な権限・双方代理の可否・報酬上限の計算方法が根本的に異なり、試験では細部を問う選択肢が頻出する。,「どちらも依頼者から依頼を受けて取引を成立させる」という共通点から、双方代理の可否・報酬上限の考え方・契約の直接当事者になるかどうかを混同しやすい。,"[{""topic"": ""契約当事者"", ""wrong"": ""媒介の場合、宅建業者が契約当事者となって売買契約を締結する"", ""correct"": ""媒介では依頼者同士が契約当事者となり、業者は仲介役にすぎない"", ""trap"": ""代理の場合は業者が本人（依頼者）の代わりに契約を締結する""}, {""topic"": ""双方代理"", ""wrong"": ""宅建業者は売主・買主双方から代理を受けることができない"", ""correct"": ""宅建業者は売主・買主双方から代理の依頼を受けることができる（双方代理可）"", ""trap"": ""民法では双方代理は原則禁止だが、宅建業法では許容されている""}, {""topic"": ""報酬上限（売買・代理）"", ""wrong"": ""代理の報酬上限は媒介の場合と同じ（取引額の3%+6万円×2）"", ""correct"": ""代理の報酬上限は媒介の場合の2倍が上限（一方代理の場合）"", ""trap"": ""双方から代理を受けても合計で媒介の2倍が上限であることを忘れがち""}, {""topic"": ""媒介契約書面"", ""wrong"": ""代理契約でも媒介契約書面（34条の2）を交付しなければならない"", ""correct"": ""媒介契約書面（34条の2）は媒介契約のみに適用され、代理契約には適用されない"", ""trap"": ""「どちらも依頼を受ける」ので代理にも34条の2が適用されると誤解しやすい""}, {""topic"": ""報酬（賃貸・媒介）"", ""wrong"": ""賃貸の媒介では依頼者双方から合計で賃料の2か月分まで受領できる"", ""correct"": ""賃貸の媒介報酬は依頼者双方合計で賃料の1か月分が上限"", ""trap"": ""売買と賃貸で報酬上限の計算式が異なることを混同しやすい""}, {""topic"": ""専任媒介と専属専任媒介"", ""wrong"": ""代理契約にも専任・専属専任の区別が適用される"", ""correct"": ""専任媒介・専属専任媒介という区別は媒介契約に固有のものであり、代理には適用されない"", ""trap"": ""業法の媒介契約規制（34条の2）が代理にも及ぶと誤解するパターン""}]",【宅建業法】媒介と代理の違いを完全整理！双方代理・報酬上限の誤答を防ぐ,"宅建業法の取引形態において「媒介」と「代理」は試験頻出の区別ポイントです。媒介（仲介）は業者が売主・買主の間に入り、両者をマッチングする役割であり、契約の当事者にはなりません。一方、代理は業者が依頼者本人に代わって相手方と直接契約を締結する権限を持ちます。この根本的な法的地位の違いが、報酬計算・書面交付義務・双方代理の可否などあらゆる部分に影響します。

試験で最も多く誤答を招くのが「双方代理の可否」と「報酬上限」です。民法では双方代理は原則として禁止されていますが、宅建業法の枠内では業者が売主・買主双方から代理の依頼を受けることが認められています。ただし報酬上限は一方から代理を受ける場合でも媒介報酬の2倍が上限となっており、双方から受けても合計で同額の上限が適用されます。

媒介契約書面（34条の2）は媒介契約にのみ適用される書面であり、代理契約には適用されません。また専任媒介・専属専任媒介という区別も媒介特有のものです。「代理でも同じ規制がある」という思い込みは不正解の典型パターンですので、媒介と代理の規制の違いを表で整理して区別を明確にしておきましょう。",媒介では業者は契約当事者ではなく仲介役;代理では業者が本人に代わって契約を締結する;宅建業者は売主・買主双方から代理を受けることができる（双方代理可）;代理の報酬上限は媒介の2倍（一方代理の場合）;賃貸媒介の報酬上限は依頼者双方合計で賃料1か月分;媒介契約書面（34条の2）は代理契約には適用されない;専任媒介・専属専任媒介の区別は媒介契約固有の制度,「媒介では業者が契約当事者になる」と誤解する;双方代理が宅建業法でも禁止されていると誤解する;代理の報酬上限を媒介と同じと思い込む;賃貸媒介の報酬上限を賃料2か月分と誤解する;34条の2の媒介契約書面が代理にも適用されると誤解する,「媒介＝マッチング屋（当事者外）」「代理＝本人の分身（契約できる）」と役割をイメージし、双方代理は「宅建業法では特別にOK」と例外として記憶する。,媒介契約の種類;自己契約・双方代理;専任媒介契約,,,,,,,,,2026-05-27
,先取特権の順位,権利関係,先取特権;一般先取特権;特別先取特権;優先順位;担保物権,先取特権には一般先取特権と特別先取特権（不動産・動産）があり、それぞれの優先順位・対象財産・適用場面が複雑なため、試験では順位の誤解を狙った選択肢が頻出する。,先取特権の種類（一般・不動産・動産）と各優先順位の数字の組み合わせが多く、特に一般先取特権の3種類の内部順位が混同されやすい。,"[{""topic"": ""一般先取特権の第1位"", ""wrong"": ""一般先取特権の中で共益費用の先取特権が最も優先順位が高い"", ""correct"": ""一般先取特権は①共益費用 ②雇用関係 ③葬式費用 ④日用品供給 の順で優先される"", ""trap"": ""「共益費用が最上位」という点は正しいが、残り3つの順序を問う問題が出る""}, {""topic"": ""一般vs特別"", ""wrong"": ""一般先取特権は特別先取特権よりも常に優先される"", ""correct"": ""特別先取特権は特定財産を対象とし一般先取特権より優先されることが多い（例：不動産先取特権）"", ""trap"": ""「一般＝広い＝強い」と誤解しやすいが、特別先取特権の方が特定物への優先度が高い""}, {""topic"": ""不動産先取特権の種類"", ""wrong"": ""不動産の先取特権は不動産保存の先取特権のみである"", ""correct"": ""不動産の先取特権には①不動産保存 ②不動産工事 ③不動産売買 の3種類がある"", ""trap"": ""「不動産工事の先取特権」が存在することを見落とすケースが多い""}, {""topic"": ""不動産先取特権の順位"", ""wrong"": ""不動産売買の先取特権は不動産保存の先取特権より優先される"", ""correct"": ""不動産保存の先取特権が最優先で、次に不動産工事、最後に不動産売買の順"", ""trap"": ""「保存→工事→売買」という時系列順ではなく、保存が最優先という逆のイメージで誤答しやすい""}, {""topic"": ""動産先取特権と不動産先取特権"", ""wrong"": ""動産先取特権は不動産先取特権より常に優先される"", ""correct"": ""一般的に不動産先取特権と動産先取特権は対象財産が異なり、優先順位の比較は直接できない"", ""trap"": ""「不動産の方が価値が高いから優先」という直感的な誤解が生じやすい""}, {""topic"": ""抵当権との関係"", ""wrong"": ""先取特権は抵当権よりも常に優先される"", ""correct"": ""先取特権と抵当権の優先関係は種類・登記の前後によって異なる（保存・工事の先取特権は登記があれば抵当権に優先することがある）"", ""trap"": ""法定担保物権である先取特権が常に最優先と誤解するパターン""}]",【権利関係】先取特権の順位を完全攻略！一般・特別の区別と優先順位の正確な暗記法,"宅建試験の権利関係において「先取特権」は出題頻度が高くない割に覚えるべき事項が多く、受験生が苦手意識を持ちやすいテーマです。先取特権とは、法律が定めた特定の債権について他の債権者に優先して弁済を受けられる担保物権のことです。当事者の合意なく法律上当然に成立する「法定担保物権」という点が抵当権などとの大きな違いです。

先取特権は大きく「一般先取特権」と「特別先取特権」に分類され、さらに特別先取特権は「不動産先取特権」と「動産先取特権」に分けられます。一般先取特権は債務者の総財産を対象とし、①共益費用 ②雇用関係 ③葬式費用 ④日用品供給の順で優先されます。この4種類の順序は試験で直接問われるため、正確に暗記する必要があります。

不動産の先取特権は「保存→工事→売買」の3種類があり、この優先順位も試験頻出です。「保存が最優先」という点は時系列的に最後に行われるイメージと逆行するため混乱しやすいですが、「保存行為なしには他の権利も意味をなさない」という実質的な理由から保存が最優先となっています。先取特権全体を表で整理し、一般・不動産・動産の3区分とそれぞれの優先順位を体系的に把握することが得点への近道です。",先取特権は法律上当然に成立する法定担保物権;一般先取特権の順位は①共益費用②雇用関係③葬式費用④日用品供給;不動産先取特権の種類は保存・工事・売買の3つ;不動産先取特権の優先順位は①保存②工事③売買;特別先取特権は特定財産を対象とし一般先取特権より優先することがある;先取特権と抵当権の優先関係は種類・登記の前後で異なる;不動産保存の先取特権は保存後直ちに登記すれば他の権利に優先する,一般先取特権が特別先取特権より常に優先されると誤解する;一般先取特権の4種類の内部順位を誤る;不動産先取特権の3種類の順位（特に保存が最優先）を間違える;先取特権が抵当権より常に優先されると誤解する;先取特権の存在自体を忘れて問題をスキップしてしまう,一般先取特権の順位は「共（きょう）・雇（やと）・葬（そう）・日（にち）」と頭文字で暗記。不動産先取特権は「保工売（ほこうばい）」の順で最初が最強と覚える。,質権・先取特権・留置権;抵当権,,,,,,,,,2026-05-27
