hub_a,hub_b,kind,similarity,slug_a,slug_b,title,title_a,title_b
comparisons.csv,comparisons.csv,similar,0.900,baikai-keiyakusho-37jo,s34-baikai-tsuika,,媒介契約書と37条書面,媒介契約書と37条
comparisons.csv,mistakes.csv,similar,0.889,cooling-off-torihiki,cooling-off-tetsuke-kaijo-kon,,クーリングオフと手付解除,クーリングオフと手付解除の混同
comparisons.csv,mistakes.csv,exact,1.000,hoshoukin-hoshougaisha,s32-kon-hoshoukin,保証金と保証会社,,
comparisons.csv,comparisons.csv,similar,0.909,jutaku-kashi-hoshou,s34-kashi-hoshou-35,,住宅瑕疵担保と35条説明,瑕疵担保と35条説明
comparisons.csv,numbers.csv,exact,1.000,s34-reins-touroku,s33-reins-14days,レインズ登録と14日報告,,
comparisons.csv,comparisons.csv,exact,1.000,s35-takken-kaisei-hikaku,s36-takken-kaisei-hikaku,宅建業法改正の比較整理,,
comparisons.csv,comparisons.csv,exact,1.000,s35-takken-kaisei-hikaku,s37-takken-kaisei-hikaku,宅建業法改正の比較整理,,
comparisons.csv,comparisons.csv,exact,1.000,s35-takken-kaisei-hikaku,s38-takken-kaisei-hikaku,宅建業法改正の比較整理,,
comparisons.csv,comparisons.csv,exact,1.000,s35-takken-kaisei-hikaku,s39-takken-kaisei-hikaku,宅建業法改正の比較整理,,
comparisons.csv,comparisons.csv,exact,1.000,s35-ju35-ju37-hikaku,s36-ju35-ju37-hikaku,35条37条深掘りの比較整理,,
comparisons.csv,comparisons.csv,exact,1.000,s35-ju35-ju37-hikaku,s37-ju35-ju37-hikaku,35条37条深掘りの比較整理,,
comparisons.csv,comparisons.csv,exact,1.000,s35-ju35-ju37-hikaku,s38-ju35-ju37-hikaku,35条37条深掘りの比較整理,,
comparisons.csv,comparisons.csv,exact,1.000,s35-ju35-ju37-hikaku,s39-ju35-ju37-hikaku,35条37条深掘りの比較整理,,
comparisons.csv,comparisons.csv,exact,1.000,s35-baikai-houshuu-hikaku,s36-baikai-houshuu-hikaku,媒介報酬の比較整理,,
comparisons.csv,comparisons.csv,exact,1.000,s35-baikai-houshuu-hikaku,s37-baikai-houshuu-hikaku,媒介報酬の比較整理,,
comparisons.csv,comparisons.csv,exact,1.000,s35-baikai-houshuu-hikaku,s38-baikai-houshuu-hikaku,媒介報酬の比較整理,,
comparisons.csv,comparisons.csv,exact,1.000,s35-baikai-houshuu-hikaku,s39-baikai-houshuu-hikaku,媒介報酬の比較整理,,
comparisons.csv,comparisons.csv,exact,1.000,s35-shakuchi-shakuya-hikaku,s36-shakuchi-shakuya-hikaku,借地借家の比較整理,,
comparisons.csv,comparisons.csv,exact,1.000,s35-shakuchi-shakuya-hikaku,s37-shakuchi-shakuya-hikaku,借地借家の比較整理,,
comparisons.csv,comparisons.csv,exact,1.000,s35-shakuchi-shakuya-hikaku,s38-shakuchi-shakuya-hikaku,借地借家の比較整理,,
comparisons.csv,comparisons.csv,exact,1.000,s35-shakuchi-shakuya-hikaku,s39-shakuchi-shakuya-hikaku,借地借家の比較整理,,
comparisons.csv,comparisons.csv,similar,0.900,s35-shakuchi-shakuya-hikaku,s40-shakuchi-sogo-hikaku,,借地借家の比較整理,借地借家総合の比較整理
comparisons.csv,comparisons.csv,similar,0.900,s35-shakuchi-shakuya-hikaku,s41-shakuchi-sogo-hikaku,,借地借家の比較整理,借地借家総合の比較整理
comparisons.csv,comparisons.csv,similar,0.900,s35-shakuchi-shakuya-hikaku,s42-shakuchi-sogo-hikaku,,借地借家の比較整理,借地借家総合の比較整理
comparisons.csv,comparisons.csv,similar,0.900,s35-shakuchi-shakuya-hikaku,s43-shakuchi-sogo-hikaku,,借地借家の比較整理,借地借家総合の比較整理
comparisons.csv,comparisons.csv,similar,0.900,s35-shakuchi-shakuya-hikaku,s44-shakuchi-sogo-hikaku,,借地借家の比較整理,借地借家総合の比較整理
comparisons.csv,comparisons.csv,exact,1.000,s35-kubun-shoyu-hikaku,s36-kubun-shoyu-hikaku,区分所有の比較整理,,
comparisons.csv,comparisons.csv,exact,1.000,s35-kubun-shoyu-hikaku,s37-kubun-shoyu-hikaku,区分所有の比較整理,,
comparisons.csv,comparisons.csv,exact,1.000,s35-kubun-shoyu-hikaku,s38-kubun-shoyu-hikaku,区分所有の比較整理,,
comparisons.csv,comparisons.csv,exact,1.000,s35-kubun-shoyu-hikaku,s39-kubun-shoyu-hikaku,区分所有の比較整理,,
comparisons.csv,comparisons.csv,similar,0.900,s35-kubun-shoyu-hikaku,s40-kubun-kanri-hikaku,,区分所有の比較整理,区分所有管理の比較整理
comparisons.csv,comparisons.csv,similar,0.900,s35-kubun-shoyu-hikaku,s41-kubun-kanri-hikaku,,区分所有の比較整理,区分所有管理の比較整理
comparisons.csv,comparisons.csv,similar,0.900,s35-kubun-shoyu-hikaku,s42-kubun-kanri-hikaku,,区分所有の比較整理,区分所有管理の比較整理
comparisons.csv,comparisons.csv,similar,0.900,s35-kubun-shoyu-hikaku,s43-kubun-kanri-hikaku,,区分所有の比較整理,区分所有管理の比較整理
comparisons.csv,comparisons.csv,similar,0.900,s35-kubun-shoyu-hikaku,s44-kubun-kanri-hikaku,,区分所有の比較整理,区分所有管理の比較整理
comparisons.csv,comparisons.csv,exact,1.000,s35-toshikeikaku-hikaku,s36-toshikeikaku-hikaku,都市計画の比較整理,,
comparisons.csv,comparisons.csv,exact,1.000,s35-toshikeikaku-hikaku,s37-toshikeikaku-hikaku,都市計画の比較整理,,
comparisons.csv,comparisons.csv,exact,1.000,s35-toshikeikaku-hikaku,s38-toshikeikaku-hikaku,都市計画の比較整理,,
comparisons.csv,comparisons.csv,exact,1.000,s35-toshikeikaku-hikaku,s39-toshikeikaku-hikaku,都市計画の比較整理,,
comparisons.csv,comparisons.csv,similar,0.947,s35-toshikeikaku-hikaku,s40-toshi-hou-hikaku,,都市計画の比較整理,都市計画法の比較整理
comparisons.csv,comparisons.csv,similar,0.947,s35-toshikeikaku-hikaku,s41-toshi-hou-hikaku,,都市計画の比較整理,都市計画法の比較整理
comparisons.csv,comparisons.csv,similar,0.947,s35-toshikeikaku-hikaku,s42-toshi-hou-hikaku,,都市計画の比較整理,都市計画法の比較整理
comparisons.csv,comparisons.csv,similar,0.947,s35-toshikeikaku-hikaku,s43-toshi-hou-hikaku,,都市計画の比較整理,都市計画法の比較整理
comparisons.csv,comparisons.csv,similar,0.947,s35-toshikeikaku-hikaku,s44-toshi-hou-hikaku,,都市計画の比較整理,都市計画法の比較整理
comparisons.csv,comparisons.csv,exact,1.000,s35-touki-hikaku,s36-touki-hikaku,登記の比較整理,,
comparisons.csv,comparisons.csv,exact,1.000,s35-touki-hikaku,s37-touki-hikaku,登記の比較整理,,
comparisons.csv,comparisons.csv,exact,1.000,s35-touki-hikaku,s38-touki-hikaku,登記の比較整理,,
comparisons.csv,comparisons.csv,exact,1.000,s35-touki-hikaku,s39-touki-hikaku,登記の比較整理,,
comparisons.csv,comparisons.csv,exact,1.000,s35-keiyaku-futekigou-hikaku,s36-keiyaku-futekigou-hikaku,契約不適合の比較整理,,
comparisons.csv,comparisons.csv,exact,1.000,s35-keiyaku-futekigou-hikaku,s37-keiyaku-futekigou-hikaku,契約不適合の比較整理,,
comparisons.csv,comparisons.csv,exact,1.000,s35-keiyaku-futekigou-hikaku,s38-keiyaku-futekigou-hikaku,契約不適合の比較整理,,
comparisons.csv,comparisons.csv,exact,1.000,s35-keiyaku-futekigou-hikaku,s39-keiyaku-futekigou-hikaku,契約不適合の比較整理,,
comparisons.csv,comparisons.csv,similar,0.909,s35-keiyaku-futekigou-hikaku,s40-keiyaku-sekinin-hikaku,,契約不適合の比較整理,契約不適合責任の比較整理
comparisons.csv,comparisons.csv,similar,0.909,s35-keiyaku-futekigou-hikaku,s41-keiyaku-sekinin-hikaku,,契約不適合の比較整理,契約不適合責任の比較整理
comparisons.csv,comparisons.csv,similar,0.909,s35-keiyaku-futekigou-hikaku,s42-keiyaku-sekinin-hikaku,,契約不適合の比較整理,契約不適合責任の比較整理
comparisons.csv,comparisons.csv,similar,0.909,s35-keiyaku-futekigou-hikaku,s43-keiyaku-sekinin-hikaku,,契約不適合の比較整理,契約不適合責任の比較整理
comparisons.csv,comparisons.csv,similar,0.909,s35-keiyaku-futekigou-hikaku,s44-keiyaku-sekinin-hikaku,,契約不適合の比較整理,契約不適合責任の比較整理
comparisons.csv,comparisons.csv,exact,1.000,s35-tetsuki-hikaku,s36-tetsuki-hikaku,手付金の比較整理,,
comparisons.csv,comparisons.csv,exact,1.000,s35-tetsuki-hikaku,s37-tetsuki-hikaku,手付金の比較整理,,
comparisons.csv,comparisons.csv,exact,1.000,s35-tetsuki-hikaku,s38-tetsuki-hikaku,手付金の比較整理,,
comparisons.csv,comparisons.csv,exact,1.000,s35-tetsuki-hikaku,s39-tetsuki-hikaku,手付金の比較整理,,
comparisons.csv,comparisons.csv,exact,1.000,s35-shiken-taisaku-hikaku,s36-shiken-taisaku-hikaku,試験対策の比較整理,,
comparisons.csv,comparisons.csv,exact,1.000,s35-shiken-taisaku-hikaku,s37-shiken-taisaku-hikaku,試験対策の比較整理,,
comparisons.csv,comparisons.csv,exact,1.000,s35-shiken-taisaku-hikaku,s38-shiken-taisaku-hikaku,試験対策の比較整理,,
comparisons.csv,comparisons.csv,exact,1.000,s35-shiken-taisaku-hikaku,s39-shiken-taisaku-hikaku,試験対策の比較整理,,
comparisons.csv,comparisons.csv,exact,1.000,s36-takken-kaisei-hikaku,s37-takken-kaisei-hikaku,宅建業法改正の比較整理,,
comparisons.csv,comparisons.csv,exact,1.000,s36-takken-kaisei-hikaku,s38-takken-kaisei-hikaku,宅建業法改正の比較整理,,
comparisons.csv,comparisons.csv,exact,1.000,s36-takken-kaisei-hikaku,s39-takken-kaisei-hikaku,宅建業法改正の比較整理,,
comparisons.csv,comparisons.csv,exact,1.000,s36-ju35-ju37-hikaku,s37-ju35-ju37-hikaku,35条37条深掘りの比較整理,,
comparisons.csv,comparisons.csv,exact,1.000,s36-ju35-ju37-hikaku,s38-ju35-ju37-hikaku,35条37条深掘りの比較整理,,
comparisons.csv,comparisons.csv,exact,1.000,s36-ju35-ju37-hikaku,s39-ju35-ju37-hikaku,35条37条深掘りの比較整理,,
comparisons.csv,comparisons.csv,exact,1.000,s36-baikai-houshuu-hikaku,s37-baikai-houshuu-hikaku,媒介報酬の比較整理,,
comparisons.csv,comparisons.csv,exact,1.000,s36-baikai-houshuu-hikaku,s38-baikai-houshuu-hikaku,媒介報酬の比較整理,,
comparisons.csv,comparisons.csv,exact,1.000,s36-baikai-houshuu-hikaku,s39-baikai-houshuu-hikaku,媒介報酬の比較整理,,
comparisons.csv,comparisons.csv,exact,1.000,s36-shakuchi-shakuya-hikaku,s37-shakuchi-shakuya-hikaku,借地借家の比較整理,,
comparisons.csv,comparisons.csv,exact,1.000,s36-shakuchi-shakuya-hikaku,s38-shakuchi-shakuya-hikaku,借地借家の比較整理,,
comparisons.csv,comparisons.csv,exact,1.000,s36-shakuchi-shakuya-hikaku,s39-shakuchi-shakuya-hikaku,借地借家の比較整理,,
comparisons.csv,comparisons.csv,similar,0.900,s36-shakuchi-shakuya-hikaku,s40-shakuchi-sogo-hikaku,,借地借家の比較整理,借地借家総合の比較整理
comparisons.csv,comparisons.csv,similar,0.900,s36-shakuchi-shakuya-hikaku,s41-shakuchi-sogo-hikaku,,借地借家の比較整理,借地借家総合の比較整理
comparisons.csv,comparisons.csv,similar,0.900,s36-shakuchi-shakuya-hikaku,s42-shakuchi-sogo-hikaku,,借地借家の比較整理,借地借家総合の比較整理
comparisons.csv,comparisons.csv,similar,0.900,s36-shakuchi-shakuya-hikaku,s43-shakuchi-sogo-hikaku,,借地借家の比較整理,借地借家総合の比較整理
comparisons.csv,comparisons.csv,similar,0.900,s36-shakuchi-shakuya-hikaku,s44-shakuchi-sogo-hikaku,,借地借家の比較整理,借地借家総合の比較整理
comparisons.csv,comparisons.csv,exact,1.000,s36-kubun-shoyu-hikaku,s37-kubun-shoyu-hikaku,区分所有の比較整理,,
comparisons.csv,comparisons.csv,exact,1.000,s36-kubun-shoyu-hikaku,s38-kubun-shoyu-hikaku,区分所有の比較整理,,
comparisons.csv,comparisons.csv,exact,1.000,s36-kubun-shoyu-hikaku,s39-kubun-shoyu-hikaku,区分所有の比較整理,,
comparisons.csv,comparisons.csv,similar,0.900,s36-kubun-shoyu-hikaku,s40-kubun-kanri-hikaku,,区分所有の比較整理,区分所有管理の比較整理
comparisons.csv,comparisons.csv,similar,0.900,s36-kubun-shoyu-hikaku,s41-kubun-kanri-hikaku,,区分所有の比較整理,区分所有管理の比較整理
comparisons.csv,comparisons.csv,similar,0.900,s36-kubun-shoyu-hikaku,s42-kubun-kanri-hikaku,,区分所有の比較整理,区分所有管理の比較整理
comparisons.csv,comparisons.csv,similar,0.900,s36-kubun-shoyu-hikaku,s43-kubun-kanri-hikaku,,区分所有の比較整理,区分所有管理の比較整理
comparisons.csv,comparisons.csv,similar,0.900,s36-kubun-shoyu-hikaku,s44-kubun-kanri-hikaku,,区分所有の比較整理,区分所有管理の比較整理
comparisons.csv,comparisons.csv,exact,1.000,s36-toshikeikaku-hikaku,s37-toshikeikaku-hikaku,都市計画の比較整理,,
comparisons.csv,comparisons.csv,exact,1.000,s36-toshikeikaku-hikaku,s38-toshikeikaku-hikaku,都市計画の比較整理,,
comparisons.csv,comparisons.csv,exact,1.000,s36-toshikeikaku-hikaku,s39-toshikeikaku-hikaku,都市計画の比較整理,,
comparisons.csv,comparisons.csv,similar,0.947,s36-toshikeikaku-hikaku,s40-toshi-hou-hikaku,,都市計画の比較整理,都市計画法の比較整理
comparisons.csv,comparisons.csv,similar,0.947,s36-toshikeikaku-hikaku,s41-toshi-hou-hikaku,,都市計画の比較整理,都市計画法の比較整理
comparisons.csv,comparisons.csv,similar,0.947,s36-toshikeikaku-hikaku,s42-toshi-hou-hikaku,,都市計画の比較整理,都市計画法の比較整理
comparisons.csv,comparisons.csv,similar,0.947,s36-toshikeikaku-hikaku,s43-toshi-hou-hikaku,,都市計画の比較整理,都市計画法の比較整理
comparisons.csv,comparisons.csv,similar,0.947,s36-toshikeikaku-hikaku,s44-toshi-hou-hikaku,,都市計画の比較整理,都市計画法の比較整理
comparisons.csv,comparisons.csv,exact,1.000,s36-touki-hikaku,s37-touki-hikaku,登記の比較整理,,
comparisons.csv,comparisons.csv,exact,1.000,s36-touki-hikaku,s38-touki-hikaku,登記の比較整理,,
comparisons.csv,comparisons.csv,exact,1.000,s36-touki-hikaku,s39-touki-hikaku,登記の比較整理,,
comparisons.csv,comparisons.csv,exact,1.000,s36-keiyaku-futekigou-hikaku,s37-keiyaku-futekigou-hikaku,契約不適合の比較整理,,
comparisons.csv,comparisons.csv,exact,1.000,s36-keiyaku-futekigou-hikaku,s38-keiyaku-futekigou-hikaku,契約不適合の比較整理,,
comparisons.csv,comparisons.csv,exact,1.000,s36-keiyaku-futekigou-hikaku,s39-keiyaku-futekigou-hikaku,契約不適合の比較整理,,
comparisons.csv,comparisons.csv,similar,0.909,s36-keiyaku-futekigou-hikaku,s40-keiyaku-sekinin-hikaku,,契約不適合の比較整理,契約不適合責任の比較整理
comparisons.csv,comparisons.csv,similar,0.909,s36-keiyaku-futekigou-hikaku,s41-keiyaku-sekinin-hikaku,,契約不適合の比較整理,契約不適合責任の比較整理
comparisons.csv,comparisons.csv,similar,0.909,s36-keiyaku-futekigou-hikaku,s42-keiyaku-sekinin-hikaku,,契約不適合の比較整理,契約不適合責任の比較整理
comparisons.csv,comparisons.csv,similar,0.909,s36-keiyaku-futekigou-hikaku,s43-keiyaku-sekinin-hikaku,,契約不適合の比較整理,契約不適合責任の比較整理
comparisons.csv,comparisons.csv,similar,0.909,s36-keiyaku-futekigou-hikaku,s44-keiyaku-sekinin-hikaku,,契約不適合の比較整理,契約不適合責任の比較整理
comparisons.csv,comparisons.csv,exact,1.000,s36-tetsuki-hikaku,s37-tetsuki-hikaku,手付金の比較整理,,
comparisons.csv,comparisons.csv,exact,1.000,s36-tetsuki-hikaku,s38-tetsuki-hikaku,手付金の比較整理,,
comparisons.csv,comparisons.csv,exact,1.000,s36-tetsuki-hikaku,s39-tetsuki-hikaku,手付金の比較整理,,
comparisons.csv,comparisons.csv,exact,1.000,s36-shiken-taisaku-hikaku,s37-shiken-taisaku-hikaku,試験対策の比較整理,,
comparisons.csv,comparisons.csv,exact,1.000,s36-shiken-taisaku-hikaku,s38-shiken-taisaku-hikaku,試験対策の比較整理,,
comparisons.csv,comparisons.csv,exact,1.000,s36-shiken-taisaku-hikaku,s39-shiken-taisaku-hikaku,試験対策の比較整理,,
comparisons.csv,comparisons.csv,exact,1.000,s37-takken-kaisei-hikaku,s38-takken-kaisei-hikaku,宅建業法改正の比較整理,,
comparisons.csv,comparisons.csv,exact,1.000,s37-takken-kaisei-hikaku,s39-takken-kaisei-hikaku,宅建業法改正の比較整理,,
comparisons.csv,comparisons.csv,exact,1.000,s37-ju35-ju37-hikaku,s38-ju35-ju37-hikaku,35条37条深掘りの比較整理,,
comparisons.csv,comparisons.csv,exact,1.000,s37-ju35-ju37-hikaku,s39-ju35-ju37-hikaku,35条37条深掘りの比較整理,,
comparisons.csv,comparisons.csv,exact,1.000,s37-baikai-houshuu-hikaku,s38-baikai-houshuu-hikaku,媒介報酬の比較整理,,
comparisons.csv,comparisons.csv,exact,1.000,s37-baikai-houshuu-hikaku,s39-baikai-houshuu-hikaku,媒介報酬の比較整理,,
comparisons.csv,comparisons.csv,exact,1.000,s37-shakuchi-shakuya-hikaku,s38-shakuchi-shakuya-hikaku,借地借家の比較整理,,
comparisons.csv,comparisons.csv,exact,1.000,s37-shakuchi-shakuya-hikaku,s39-shakuchi-shakuya-hikaku,借地借家の比較整理,,
comparisons.csv,comparisons.csv,similar,0.900,s37-shakuchi-shakuya-hikaku,s40-shakuchi-sogo-hikaku,,借地借家の比較整理,借地借家総合の比較整理
comparisons.csv,comparisons.csv,similar,0.900,s37-shakuchi-shakuya-hikaku,s41-shakuchi-sogo-hikaku,,借地借家の比較整理,借地借家総合の比較整理
comparisons.csv,comparisons.csv,similar,0.900,s37-shakuchi-shakuya-hikaku,s42-shakuchi-sogo-hikaku,,借地借家の比較整理,借地借家総合の比較整理
comparisons.csv,comparisons.csv,similar,0.900,s37-shakuchi-shakuya-hikaku,s43-shakuchi-sogo-hikaku,,借地借家の比較整理,借地借家総合の比較整理
comparisons.csv,comparisons.csv,similar,0.900,s37-shakuchi-shakuya-hikaku,s44-shakuchi-sogo-hikaku,,借地借家の比較整理,借地借家総合の比較整理
comparisons.csv,comparisons.csv,exact,1.000,s37-kubun-shoyu-hikaku,s38-kubun-shoyu-hikaku,区分所有の比較整理,,
comparisons.csv,comparisons.csv,exact,1.000,s37-kubun-shoyu-hikaku,s39-kubun-shoyu-hikaku,区分所有の比較整理,,
comparisons.csv,comparisons.csv,similar,0.900,s37-kubun-shoyu-hikaku,s40-kubun-kanri-hikaku,,区分所有の比較整理,区分所有管理の比較整理
comparisons.csv,comparisons.csv,similar,0.900,s37-kubun-shoyu-hikaku,s41-kubun-kanri-hikaku,,区分所有の比較整理,区分所有管理の比較整理
comparisons.csv,comparisons.csv,similar,0.900,s37-kubun-shoyu-hikaku,s42-kubun-kanri-hikaku,,区分所有の比較整理,区分所有管理の比較整理
comparisons.csv,comparisons.csv,similar,0.900,s37-kubun-shoyu-hikaku,s43-kubun-kanri-hikaku,,区分所有の比較整理,区分所有管理の比較整理
comparisons.csv,comparisons.csv,similar,0.900,s37-kubun-shoyu-hikaku,s44-kubun-kanri-hikaku,,区分所有の比較整理,区分所有管理の比較整理
comparisons.csv,comparisons.csv,exact,1.000,s37-toshikeikaku-hikaku,s38-toshikeikaku-hikaku,都市計画の比較整理,,
comparisons.csv,comparisons.csv,exact,1.000,s37-toshikeikaku-hikaku,s39-toshikeikaku-hikaku,都市計画の比較整理,,
comparisons.csv,comparisons.csv,similar,0.947,s37-toshikeikaku-hikaku,s40-toshi-hou-hikaku,,都市計画の比較整理,都市計画法の比較整理
comparisons.csv,comparisons.csv,similar,0.947,s37-toshikeikaku-hikaku,s41-toshi-hou-hikaku,,都市計画の比較整理,都市計画法の比較整理
comparisons.csv,comparisons.csv,similar,0.947,s37-toshikeikaku-hikaku,s42-toshi-hou-hikaku,,都市計画の比較整理,都市計画法の比較整理
comparisons.csv,comparisons.csv,similar,0.947,s37-toshikeikaku-hikaku,s43-toshi-hou-hikaku,,都市計画の比較整理,都市計画法の比較整理
comparisons.csv,comparisons.csv,similar,0.947,s37-toshikeikaku-hikaku,s44-toshi-hou-hikaku,,都市計画の比較整理,都市計画法の比較整理
comparisons.csv,comparisons.csv,exact,1.000,s37-touki-hikaku,s38-touki-hikaku,登記の比較整理,,
comparisons.csv,comparisons.csv,exact,1.000,s37-touki-hikaku,s39-touki-hikaku,登記の比較整理,,
comparisons.csv,comparisons.csv,exact,1.000,s37-keiyaku-futekigou-hikaku,s38-keiyaku-futekigou-hikaku,契約不適合の比較整理,,
comparisons.csv,comparisons.csv,exact,1.000,s37-keiyaku-futekigou-hikaku,s39-keiyaku-futekigou-hikaku,契約不適合の比較整理,,
comparisons.csv,comparisons.csv,similar,0.909,s37-keiyaku-futekigou-hikaku,s40-keiyaku-sekinin-hikaku,,契約不適合の比較整理,契約不適合責任の比較整理
comparisons.csv,comparisons.csv,similar,0.909,s37-keiyaku-futekigou-hikaku,s41-keiyaku-sekinin-hikaku,,契約不適合の比較整理,契約不適合責任の比較整理
comparisons.csv,comparisons.csv,similar,0.909,s37-keiyaku-futekigou-hikaku,s42-keiyaku-sekinin-hikaku,,契約不適合の比較整理,契約不適合責任の比較整理
comparisons.csv,comparisons.csv,similar,0.909,s37-keiyaku-futekigou-hikaku,s43-keiyaku-sekinin-hikaku,,契約不適合の比較整理,契約不適合責任の比較整理
comparisons.csv,comparisons.csv,similar,0.909,s37-keiyaku-futekigou-hikaku,s44-keiyaku-sekinin-hikaku,,契約不適合の比較整理,契約不適合責任の比較整理
comparisons.csv,comparisons.csv,exact,1.000,s37-tetsuki-hikaku,s38-tetsuki-hikaku,手付金の比較整理,,
comparisons.csv,comparisons.csv,exact,1.000,s37-tetsuki-hikaku,s39-tetsuki-hikaku,手付金の比較整理,,
comparisons.csv,comparisons.csv,exact,1.000,s37-shiken-taisaku-hikaku,s38-shiken-taisaku-hikaku,試験対策の比較整理,,
comparisons.csv,comparisons.csv,exact,1.000,s37-shiken-taisaku-hikaku,s39-shiken-taisaku-hikaku,試験対策の比較整理,,
comparisons.csv,comparisons.csv,exact,1.000,s38-takken-kaisei-hikaku,s39-takken-kaisei-hikaku,宅建業法改正の比較整理,,
comparisons.csv,comparisons.csv,exact,1.000,s38-ju35-ju37-hikaku,s39-ju35-ju37-hikaku,35条37条深掘りの比較整理,,
comparisons.csv,comparisons.csv,exact,1.000,s38-baikai-houshuu-hikaku,s39-baikai-houshuu-hikaku,媒介報酬の比較整理,,
comparisons.csv,comparisons.csv,exact,1.000,s38-shakuchi-shakuya-hikaku,s39-shakuchi-shakuya-hikaku,借地借家の比較整理,,
comparisons.csv,comparisons.csv,similar,0.900,s38-shakuchi-shakuya-hikaku,s40-shakuchi-sogo-hikaku,,借地借家の比較整理,借地借家総合の比較整理
comparisons.csv,comparisons.csv,similar,0.900,s38-shakuchi-shakuya-hikaku,s41-shakuchi-sogo-hikaku,,借地借家の比較整理,借地借家総合の比較整理
comparisons.csv,comparisons.csv,similar,0.900,s38-shakuchi-shakuya-hikaku,s42-shakuchi-sogo-hikaku,,借地借家の比較整理,借地借家総合の比較整理
comparisons.csv,comparisons.csv,similar,0.900,s38-shakuchi-shakuya-hikaku,s43-shakuchi-sogo-hikaku,,借地借家の比較整理,借地借家総合の比較整理
comparisons.csv,comparisons.csv,similar,0.900,s38-shakuchi-shakuya-hikaku,s44-shakuchi-sogo-hikaku,,借地借家の比較整理,借地借家総合の比較整理
comparisons.csv,comparisons.csv,exact,1.000,s38-kubun-shoyu-hikaku,s39-kubun-shoyu-hikaku,区分所有の比較整理,,
comparisons.csv,comparisons.csv,similar,0.900,s38-kubun-shoyu-hikaku,s40-kubun-kanri-hikaku,,区分所有の比較整理,区分所有管理の比較整理
comparisons.csv,comparisons.csv,similar,0.900,s38-kubun-shoyu-hikaku,s41-kubun-kanri-hikaku,,区分所有の比較整理,区分所有管理の比較整理
comparisons.csv,comparisons.csv,similar,0.900,s38-kubun-shoyu-hikaku,s42-kubun-kanri-hikaku,,区分所有の比較整理,区分所有管理の比較整理
comparisons.csv,comparisons.csv,similar,0.900,s38-kubun-shoyu-hikaku,s43-kubun-kanri-hikaku,,区分所有の比較整理,区分所有管理の比較整理
comparisons.csv,comparisons.csv,similar,0.900,s38-kubun-shoyu-hikaku,s44-kubun-kanri-hikaku,,区分所有の比較整理,区分所有管理の比較整理
comparisons.csv,comparisons.csv,exact,1.000,s38-toshikeikaku-hikaku,s39-toshikeikaku-hikaku,都市計画の比較整理,,
comparisons.csv,comparisons.csv,similar,0.947,s38-toshikeikaku-hikaku,s40-toshi-hou-hikaku,,都市計画の比較整理,都市計画法の比較整理
comparisons.csv,comparisons.csv,similar,0.947,s38-toshikeikaku-hikaku,s41-toshi-hou-hikaku,,都市計画の比較整理,都市計画法の比較整理
comparisons.csv,comparisons.csv,similar,0.947,s38-toshikeikaku-hikaku,s42-toshi-hou-hikaku,,都市計画の比較整理,都市計画法の比較整理
comparisons.csv,comparisons.csv,similar,0.947,s38-toshikeikaku-hikaku,s43-toshi-hou-hikaku,,都市計画の比較整理,都市計画法の比較整理
comparisons.csv,comparisons.csv,similar,0.947,s38-toshikeikaku-hikaku,s44-toshi-hou-hikaku,,都市計画の比較整理,都市計画法の比較整理
comparisons.csv,comparisons.csv,exact,1.000,s38-touki-hikaku,s39-touki-hikaku,登記の比較整理,,
comparisons.csv,comparisons.csv,exact,1.000,s38-keiyaku-futekigou-hikaku,s39-keiyaku-futekigou-hikaku,契約不適合の比較整理,,
comparisons.csv,comparisons.csv,similar,0.909,s38-keiyaku-futekigou-hikaku,s40-keiyaku-sekinin-hikaku,,契約不適合の比較整理,契約不適合責任の比較整理
comparisons.csv,comparisons.csv,similar,0.909,s38-keiyaku-futekigou-hikaku,s41-keiyaku-sekinin-hikaku,,契約不適合の比較整理,契約不適合責任の比較整理
comparisons.csv,comparisons.csv,similar,0.909,s38-keiyaku-futekigou-hikaku,s42-keiyaku-sekinin-hikaku,,契約不適合の比較整理,契約不適合責任の比較整理
comparisons.csv,comparisons.csv,similar,0.909,s38-keiyaku-futekigou-hikaku,s43-keiyaku-sekinin-hikaku,,契約不適合の比較整理,契約不適合責任の比較整理
comparisons.csv,comparisons.csv,similar,0.909,s38-keiyaku-futekigou-hikaku,s44-keiyaku-sekinin-hikaku,,契約不適合の比較整理,契約不適合責任の比較整理
comparisons.csv,comparisons.csv,exact,1.000,s38-tetsuki-hikaku,s39-tetsuki-hikaku,手付金の比較整理,,
comparisons.csv,comparisons.csv,exact,1.000,s38-shiken-taisaku-hikaku,s39-shiken-taisaku-hikaku,試験対策の比較整理,,
comparisons.csv,comparisons.csv,similar,0.900,s39-shakuchi-shakuya-hikaku,s40-shakuchi-sogo-hikaku,,借地借家の比較整理,借地借家総合の比較整理
comparisons.csv,comparisons.csv,similar,0.900,s39-shakuchi-shakuya-hikaku,s41-shakuchi-sogo-hikaku,,借地借家の比較整理,借地借家総合の比較整理
comparisons.csv,comparisons.csv,similar,0.900,s39-shakuchi-shakuya-hikaku,s42-shakuchi-sogo-hikaku,,借地借家の比較整理,借地借家総合の比較整理
comparisons.csv,comparisons.csv,similar,0.900,s39-shakuchi-shakuya-hikaku,s43-shakuchi-sogo-hikaku,,借地借家の比較整理,借地借家総合の比較整理
comparisons.csv,comparisons.csv,similar,0.900,s39-shakuchi-shakuya-hikaku,s44-shakuchi-sogo-hikaku,,借地借家の比較整理,借地借家総合の比較整理
comparisons.csv,comparisons.csv,similar,0.900,s39-kubun-shoyu-hikaku,s40-kubun-kanri-hikaku,,区分所有の比較整理,区分所有管理の比較整理
comparisons.csv,comparisons.csv,similar,0.900,s39-kubun-shoyu-hikaku,s41-kubun-kanri-hikaku,,区分所有の比較整理,区分所有管理の比較整理
comparisons.csv,comparisons.csv,similar,0.900,s39-kubun-shoyu-hikaku,s42-kubun-kanri-hikaku,,区分所有の比較整理,区分所有管理の比較整理
comparisons.csv,comparisons.csv,similar,0.900,s39-kubun-shoyu-hikaku,s43-kubun-kanri-hikaku,,区分所有の比較整理,区分所有管理の比較整理
comparisons.csv,comparisons.csv,similar,0.900,s39-kubun-shoyu-hikaku,s44-kubun-kanri-hikaku,,区分所有の比較整理,区分所有管理の比較整理
comparisons.csv,comparisons.csv,similar,0.947,s39-toshikeikaku-hikaku,s40-toshi-hou-hikaku,,都市計画の比較整理,都市計画法の比較整理
comparisons.csv,comparisons.csv,similar,0.947,s39-toshikeikaku-hikaku,s41-toshi-hou-hikaku,,都市計画の比較整理,都市計画法の比較整理
comparisons.csv,comparisons.csv,similar,0.947,s39-toshikeikaku-hikaku,s42-toshi-hou-hikaku,,都市計画の比較整理,都市計画法の比較整理
comparisons.csv,comparisons.csv,similar,0.947,s39-toshikeikaku-hikaku,s43-toshi-hou-hikaku,,都市計画の比較整理,都市計画法の比較整理
comparisons.csv,comparisons.csv,similar,0.947,s39-toshikeikaku-hikaku,s44-toshi-hou-hikaku,,都市計画の比較整理,都市計画法の比較整理
comparisons.csv,comparisons.csv,similar,0.909,s39-keiyaku-futekigou-hikaku,s40-keiyaku-sekinin-hikaku,,契約不適合の比較整理,契約不適合責任の比較整理
comparisons.csv,comparisons.csv,similar,0.909,s39-keiyaku-futekigou-hikaku,s41-keiyaku-sekinin-hikaku,,契約不適合の比較整理,契約不適合責任の比較整理
comparisons.csv,comparisons.csv,similar,0.909,s39-keiyaku-futekigou-hikaku,s42-keiyaku-sekinin-hikaku,,契約不適合の比較整理,契約不適合責任の比較整理
comparisons.csv,comparisons.csv,similar,0.909,s39-keiyaku-futekigou-hikaku,s43-keiyaku-sekinin-hikaku,,契約不適合の比較整理,契約不適合責任の比較整理
comparisons.csv,comparisons.csv,similar,0.909,s39-keiyaku-futekigou-hikaku,s44-keiyaku-sekinin-hikaku,,契約不適合の比較整理,契約不適合責任の比較整理
comparisons.csv,comparisons.csv,exact,1.000,s40-takken-chokuzen-hikaku,s41-takken-chokuzen-hikaku,宅建士試験直前の比較整理,,
comparisons.csv,comparisons.csv,exact,1.000,s40-takken-chokuzen-hikaku,s42-takken-chokuzen-hikaku,宅建士試験直前の比較整理,,
comparisons.csv,comparisons.csv,exact,1.000,s40-takken-chokuzen-hikaku,s43-takken-chokuzen-hikaku,宅建士試験直前の比較整理,,
comparisons.csv,comparisons.csv,exact,1.000,s40-takken-chokuzen-hikaku,s44-takken-chokuzen-hikaku,宅建士試験直前の比較整理,,
comparisons.csv,comparisons.csv,exact,1.000,s40-ju3537-shiage-hikaku,s41-ju3537-shiage-hikaku,35条37条総仕上げの比較整理,,
comparisons.csv,comparisons.csv,exact,1.000,s40-ju3537-shiage-hikaku,s42-ju3537-shiage-hikaku,35条37条総仕上げの比較整理,,
comparisons.csv,comparisons.csv,exact,1.000,s40-ju3537-shiage-hikaku,s43-ju3537-shiage-hikaku,35条37条総仕上げの比較整理,,
comparisons.csv,comparisons.csv,exact,1.000,s40-ju3537-shiage-hikaku,s44-ju3537-shiage-hikaku,35条37条総仕上げの比較整理,,
comparisons.csv,comparisons.csv,exact,1.000,s40-houshu-jogen-hikaku,s41-houshu-jogen-hikaku,報酬上限計算の比較整理,,
comparisons.csv,comparisons.csv,exact,1.000,s40-houshu-jogen-hikaku,s42-houshu-jogen-hikaku,報酬上限計算の比較整理,,
comparisons.csv,comparisons.csv,exact,1.000,s40-houshu-jogen-hikaku,s43-houshu-jogen-hikaku,報酬上限計算の比較整理,,
comparisons.csv,comparisons.csv,exact,1.000,s40-houshu-jogen-hikaku,s44-houshu-jogen-hikaku,報酬上限計算の比較整理,,
comparisons.csv,comparisons.csv,exact,1.000,s40-shakuchi-sogo-hikaku,s41-shakuchi-sogo-hikaku,借地借家総合の比較整理,,
comparisons.csv,comparisons.csv,exact,1.000,s40-shakuchi-sogo-hikaku,s42-shakuchi-sogo-hikaku,借地借家総合の比較整理,,
comparisons.csv,comparisons.csv,exact,1.000,s40-shakuchi-sogo-hikaku,s43-shakuchi-sogo-hikaku,借地借家総合の比較整理,,
comparisons.csv,comparisons.csv,exact,1.000,s40-shakuchi-sogo-hikaku,s44-shakuchi-sogo-hikaku,借地借家総合の比較整理,,
comparisons.csv,comparisons.csv,exact,1.000,s40-kubun-kanri-hikaku,s41-kubun-kanri-hikaku,区分所有管理の比較整理,,
comparisons.csv,comparisons.csv,exact,1.000,s40-kubun-kanri-hikaku,s42-kubun-kanri-hikaku,区分所有管理の比較整理,,
comparisons.csv,comparisons.csv,exact,1.000,s40-kubun-kanri-hikaku,s43-kubun-kanri-hikaku,区分所有管理の比較整理,,
comparisons.csv,comparisons.csv,exact,1.000,s40-kubun-kanri-hikaku,s44-kubun-kanri-hikaku,区分所有管理の比較整理,,
comparisons.csv,comparisons.csv,exact,1.000,s40-toshi-hou-hikaku,s41-toshi-hou-hikaku,都市計画法の比較整理,,
comparisons.csv,comparisons.csv,exact,1.000,s40-toshi-hou-hikaku,s42-toshi-hou-hikaku,都市計画法の比較整理,,
comparisons.csv,comparisons.csv,exact,1.000,s40-toshi-hou-hikaku,s43-toshi-hou-hikaku,都市計画法の比較整理,,
comparisons.csv,comparisons.csv,exact,1.000,s40-toshi-hou-hikaku,s44-toshi-hou-hikaku,都市計画法の比較整理,,
comparisons.csv,comparisons.csv,exact,1.000,s40-touki-kenri-hikaku,s41-touki-kenri-hikaku,登記・権利の比較整理,,
comparisons.csv,comparisons.csv,exact,1.000,s40-touki-kenri-hikaku,s42-touki-kenri-hikaku,登記・権利の比較整理,,
comparisons.csv,comparisons.csv,exact,1.000,s40-touki-kenri-hikaku,s43-touki-kenri-hikaku,登記・権利の比較整理,,
comparisons.csv,comparisons.csv,exact,1.000,s40-touki-kenri-hikaku,s44-touki-kenri-hikaku,登記・権利の比較整理,,
comparisons.csv,comparisons.csv,exact,1.000,s40-keiyaku-sekinin-hikaku,s41-keiyaku-sekinin-hikaku,契約不適合責任の比較整理,,
comparisons.csv,comparisons.csv,exact,1.000,s40-keiyaku-sekinin-hikaku,s42-keiyaku-sekinin-hikaku,契約不適合責任の比較整理,,
comparisons.csv,comparisons.csv,exact,1.000,s40-keiyaku-sekinin-hikaku,s43-keiyaku-sekinin-hikaku,契約不適合責任の比較整理,,
comparisons.csv,comparisons.csv,exact,1.000,s40-keiyaku-sekinin-hikaku,s44-keiyaku-sekinin-hikaku,契約不適合責任の比較整理,,
comparisons.csv,comparisons.csv,exact,1.000,s40-cooling-off-hikaku,s41-cooling-off-hikaku,クーリングオフの比較整理,,
comparisons.csv,comparisons.csv,exact,1.000,s40-cooling-off-hikaku,s42-cooling-off-hikaku,クーリングオフの比較整理,,
comparisons.csv,comparisons.csv,exact,1.000,s40-cooling-off-hikaku,s43-cooling-off-hikaku,クーリングオフの比較整理,,
comparisons.csv,comparisons.csv,exact,1.000,s40-cooling-off-hikaku,s44-cooling-off-hikaku,クーリングオフの比較整理,,
comparisons.csv,comparisons.csv,exact,1.000,s40-jusetsu-tsuika-hikaku,s41-jusetsu-tsuika-hikaku,重要事項追加の比較整理,,
comparisons.csv,comparisons.csv,exact,1.000,s40-jusetsu-tsuika-hikaku,s42-jusetsu-tsuika-hikaku,重要事項追加の比較整理,,
comparisons.csv,comparisons.csv,exact,1.000,s40-jusetsu-tsuika-hikaku,s43-jusetsu-tsuika-hikaku,重要事項追加の比較整理,,
comparisons.csv,comparisons.csv,exact,1.000,s40-jusetsu-tsuika-hikaku,s44-jusetsu-tsuika-hikaku,重要事項追加の比較整理,,
comparisons.csv,comparisons.csv,exact,1.000,s41-takken-chokuzen-hikaku,s42-takken-chokuzen-hikaku,宅建士試験直前の比較整理,,
comparisons.csv,comparisons.csv,exact,1.000,s41-takken-chokuzen-hikaku,s43-takken-chokuzen-hikaku,宅建士試験直前の比較整理,,
comparisons.csv,comparisons.csv,exact,1.000,s41-takken-chokuzen-hikaku,s44-takken-chokuzen-hikaku,宅建士試験直前の比較整理,,
comparisons.csv,comparisons.csv,exact,1.000,s41-ju3537-shiage-hikaku,s42-ju3537-shiage-hikaku,35条37条総仕上げの比較整理,,
comparisons.csv,comparisons.csv,exact,1.000,s41-ju3537-shiage-hikaku,s43-ju3537-shiage-hikaku,35条37条総仕上げの比較整理,,
comparisons.csv,comparisons.csv,exact,1.000,s41-ju3537-shiage-hikaku,s44-ju3537-shiage-hikaku,35条37条総仕上げの比較整理,,
comparisons.csv,comparisons.csv,exact,1.000,s41-houshu-jogen-hikaku,s42-houshu-jogen-hikaku,報酬上限計算の比較整理,,
comparisons.csv,comparisons.csv,exact,1.000,s41-houshu-jogen-hikaku,s43-houshu-jogen-hikaku,報酬上限計算の比較整理,,
comparisons.csv,comparisons.csv,exact,1.000,s41-houshu-jogen-hikaku,s44-houshu-jogen-hikaku,報酬上限計算の比較整理,,
comparisons.csv,comparisons.csv,exact,1.000,s41-shakuchi-sogo-hikaku,s42-shakuchi-sogo-hikaku,借地借家総合の比較整理,,
comparisons.csv,comparisons.csv,exact,1.000,s41-shakuchi-sogo-hikaku,s43-shakuchi-sogo-hikaku,借地借家総合の比較整理,,
comparisons.csv,comparisons.csv,exact,1.000,s41-shakuchi-sogo-hikaku,s44-shakuchi-sogo-hikaku,借地借家総合の比較整理,,
comparisons.csv,comparisons.csv,exact,1.000,s41-kubun-kanri-hikaku,s42-kubun-kanri-hikaku,区分所有管理の比較整理,,
comparisons.csv,comparisons.csv,exact,1.000,s41-kubun-kanri-hikaku,s43-kubun-kanri-hikaku,区分所有管理の比較整理,,
comparisons.csv,comparisons.csv,exact,1.000,s41-kubun-kanri-hikaku,s44-kubun-kanri-hikaku,区分所有管理の比較整理,,
comparisons.csv,comparisons.csv,exact,1.000,s41-toshi-hou-hikaku,s42-toshi-hou-hikaku,都市計画法の比較整理,,
comparisons.csv,comparisons.csv,exact,1.000,s41-toshi-hou-hikaku,s43-toshi-hou-hikaku,都市計画法の比較整理,,
comparisons.csv,comparisons.csv,exact,1.000,s41-toshi-hou-hikaku,s44-toshi-hou-hikaku,都市計画法の比較整理,,
comparisons.csv,comparisons.csv,exact,1.000,s41-touki-kenri-hikaku,s42-touki-kenri-hikaku,登記・権利の比較整理,,
comparisons.csv,comparisons.csv,exact,1.000,s41-touki-kenri-hikaku,s43-touki-kenri-hikaku,登記・権利の比較整理,,
comparisons.csv,comparisons.csv,exact,1.000,s41-touki-kenri-hikaku,s44-touki-kenri-hikaku,登記・権利の比較整理,,
comparisons.csv,comparisons.csv,exact,1.000,s41-keiyaku-sekinin-hikaku,s42-keiyaku-sekinin-hikaku,契約不適合責任の比較整理,,
comparisons.csv,comparisons.csv,exact,1.000,s41-keiyaku-sekinin-hikaku,s43-keiyaku-sekinin-hikaku,契約不適合責任の比較整理,,
comparisons.csv,comparisons.csv,exact,1.000,s41-keiyaku-sekinin-hikaku,s44-keiyaku-sekinin-hikaku,契約不適合責任の比較整理,,
comparisons.csv,comparisons.csv,exact,1.000,s41-cooling-off-hikaku,s42-cooling-off-hikaku,クーリングオフの比較整理,,
comparisons.csv,comparisons.csv,exact,1.000,s41-cooling-off-hikaku,s43-cooling-off-hikaku,クーリングオフの比較整理,,
comparisons.csv,comparisons.csv,exact,1.000,s41-cooling-off-hikaku,s44-cooling-off-hikaku,クーリングオフの比較整理,,
comparisons.csv,comparisons.csv,exact,1.000,s41-jusetsu-tsuika-hikaku,s42-jusetsu-tsuika-hikaku,重要事項追加の比較整理,,
comparisons.csv,comparisons.csv,exact,1.000,s41-jusetsu-tsuika-hikaku,s43-jusetsu-tsuika-hikaku,重要事項追加の比較整理,,
comparisons.csv,comparisons.csv,exact,1.000,s41-jusetsu-tsuika-hikaku,s44-jusetsu-tsuika-hikaku,重要事項追加の比較整理,,
comparisons.csv,comparisons.csv,exact,1.000,s42-takken-chokuzen-hikaku,s43-takken-chokuzen-hikaku,宅建士試験直前の比較整理,,
comparisons.csv,comparisons.csv,exact,1.000,s42-takken-chokuzen-hikaku,s44-takken-chokuzen-hikaku,宅建士試験直前の比較整理,,
comparisons.csv,comparisons.csv,exact,1.000,s42-ju3537-shiage-hikaku,s43-ju3537-shiage-hikaku,35条37条総仕上げの比較整理,,
comparisons.csv,comparisons.csv,exact,1.000,s42-ju3537-shiage-hikaku,s44-ju3537-shiage-hikaku,35条37条総仕上げの比較整理,,
comparisons.csv,comparisons.csv,exact,1.000,s42-houshu-jogen-hikaku,s43-houshu-jogen-hikaku,報酬上限計算の比較整理,,
comparisons.csv,comparisons.csv,exact,1.000,s42-houshu-jogen-hikaku,s44-houshu-jogen-hikaku,報酬上限計算の比較整理,,
comparisons.csv,comparisons.csv,exact,1.000,s42-shakuchi-sogo-hikaku,s43-shakuchi-sogo-hikaku,借地借家総合の比較整理,,
comparisons.csv,comparisons.csv,exact,1.000,s42-shakuchi-sogo-hikaku,s44-shakuchi-sogo-hikaku,借地借家総合の比較整理,,
comparisons.csv,comparisons.csv,exact,1.000,s42-kubun-kanri-hikaku,s43-kubun-kanri-hikaku,区分所有管理の比較整理,,
comparisons.csv,comparisons.csv,exact,1.000,s42-kubun-kanri-hikaku,s44-kubun-kanri-hikaku,区分所有管理の比較整理,,
comparisons.csv,comparisons.csv,exact,1.000,s42-toshi-hou-hikaku,s43-toshi-hou-hikaku,都市計画法の比較整理,,
comparisons.csv,comparisons.csv,exact,1.000,s42-toshi-hou-hikaku,s44-toshi-hou-hikaku,都市計画法の比較整理,,
comparisons.csv,comparisons.csv,exact,1.000,s42-touki-kenri-hikaku,s43-touki-kenri-hikaku,登記・権利の比較整理,,
comparisons.csv,comparisons.csv,exact,1.000,s42-touki-kenri-hikaku,s44-touki-kenri-hikaku,登記・権利の比較整理,,
comparisons.csv,comparisons.csv,exact,1.000,s42-keiyaku-sekinin-hikaku,s43-keiyaku-sekinin-hikaku,契約不適合責任の比較整理,,
comparisons.csv,comparisons.csv,exact,1.000,s42-keiyaku-sekinin-hikaku,s44-keiyaku-sekinin-hikaku,契約不適合責任の比較整理,,
comparisons.csv,comparisons.csv,exact,1.000,s42-cooling-off-hikaku,s43-cooling-off-hikaku,クーリングオフの比較整理,,
comparisons.csv,comparisons.csv,exact,1.000,s42-cooling-off-hikaku,s44-cooling-off-hikaku,クーリングオフの比較整理,,
comparisons.csv,comparisons.csv,exact,1.000,s42-jusetsu-tsuika-hikaku,s43-jusetsu-tsuika-hikaku,重要事項追加の比較整理,,
comparisons.csv,comparisons.csv,exact,1.000,s42-jusetsu-tsuika-hikaku,s44-jusetsu-tsuika-hikaku,重要事項追加の比較整理,,
comparisons.csv,comparisons.csv,exact,1.000,s43-takken-chokuzen-hikaku,s44-takken-chokuzen-hikaku,宅建士試験直前の比較整理,,
comparisons.csv,comparisons.csv,exact,1.000,s43-ju3537-shiage-hikaku,s44-ju3537-shiage-hikaku,35条37条総仕上げの比較整理,,
comparisons.csv,comparisons.csv,exact,1.000,s43-houshu-jogen-hikaku,s44-houshu-jogen-hikaku,報酬上限計算の比較整理,,
comparisons.csv,comparisons.csv,exact,1.000,s43-shakuchi-sogo-hikaku,s44-shakuchi-sogo-hikaku,借地借家総合の比較整理,,
comparisons.csv,comparisons.csv,exact,1.000,s43-kubun-kanri-hikaku,s44-kubun-kanri-hikaku,区分所有管理の比較整理,,
comparisons.csv,comparisons.csv,exact,1.000,s43-toshi-hou-hikaku,s44-toshi-hou-hikaku,都市計画法の比較整理,,
comparisons.csv,comparisons.csv,exact,1.000,s43-touki-kenri-hikaku,s44-touki-kenri-hikaku,登記・権利の比較整理,,
comparisons.csv,comparisons.csv,exact,1.000,s43-keiyaku-sekinin-hikaku,s44-keiyaku-sekinin-hikaku,契約不適合責任の比較整理,,
comparisons.csv,comparisons.csv,exact,1.000,s43-cooling-off-hikaku,s44-cooling-off-hikaku,クーリングオフの比較整理,,
comparisons.csv,comparisons.csv,exact,1.000,s43-jusetsu-tsuika-hikaku,s44-jusetsu-tsuika-hikaku,重要事項追加の比較整理,,
numbers.csv,numbers.csv,similar,0.947,cooling-off-8days,s34-cooling-8days,,クーリングオフ8日間,クーリングオフ8日
numbers.csv,numbers.csv,similar,0.933,tesuki-5percent-jogen,s34-tefuki-5pct,,手付金の5%上限,手付金5%上限
numbers.csv,numbers.csv,exact,1.000,s35-takken-kaisei-suuchi,s36-takken-kaisei-suuchi,宅建業法改正の数値・期限,,
numbers.csv,numbers.csv,exact,1.000,s35-takken-kaisei-suuchi,s37-takken-kaisei-suuchi,宅建業法改正の数値・期限,,
numbers.csv,numbers.csv,exact,1.000,s35-takken-kaisei-suuchi,s38-takken-kaisei-suuchi,宅建業法改正の数値・期限,,
numbers.csv,numbers.csv,exact,1.000,s35-takken-kaisei-suuchi,s39-takken-kaisei-suuchi,宅建業法改正の数値・期限,,
numbers.csv,numbers.csv,exact,1.000,s35-ju35-ju37-suuchi,s36-ju35-ju37-suuchi,35条37条深掘りの数値・期限,,
numbers.csv,numbers.csv,exact,1.000,s35-ju35-ju37-suuchi,s37-ju35-ju37-suuchi,35条37条深掘りの数値・期限,,
numbers.csv,numbers.csv,exact,1.000,s35-ju35-ju37-suuchi,s38-ju35-ju37-suuchi,35条37条深掘りの数値・期限,,
numbers.csv,numbers.csv,exact,1.000,s35-ju35-ju37-suuchi,s39-ju35-ju37-suuchi,35条37条深掘りの数値・期限,,
numbers.csv,numbers.csv,exact,1.000,s35-baikai-houshuu-suuchi,s36-baikai-houshuu-suuchi,媒介報酬の数値・期限,,
numbers.csv,numbers.csv,exact,1.000,s35-baikai-houshuu-suuchi,s37-baikai-houshuu-suuchi,媒介報酬の数値・期限,,
numbers.csv,numbers.csv,exact,1.000,s35-baikai-houshuu-suuchi,s38-baikai-houshuu-suuchi,媒介報酬の数値・期限,,
numbers.csv,numbers.csv,exact,1.000,s35-baikai-houshuu-suuchi,s39-baikai-houshuu-suuchi,媒介報酬の数値・期限,,
numbers.csv,numbers.csv,exact,1.000,s35-shakuchi-shakuya-suuchi,s36-shakuchi-shakuya-suuchi,借地借家の数値・期限,,
numbers.csv,numbers.csv,exact,1.000,s35-shakuchi-shakuya-suuchi,s37-shakuchi-shakuya-suuchi,借地借家の数値・期限,,
numbers.csv,numbers.csv,exact,1.000,s35-shakuchi-shakuya-suuchi,s38-shakuchi-shakuya-suuchi,借地借家の数値・期限,,
numbers.csv,numbers.csv,exact,1.000,s35-shakuchi-shakuya-suuchi,s39-shakuchi-shakuya-suuchi,借地借家の数値・期限,,
numbers.csv,numbers.csv,similar,0.909,s35-shakuchi-shakuya-suuchi,s40-shakuchi-sogo-suuchi,,借地借家の数値・期限,借地借家総合の数値・期限
numbers.csv,numbers.csv,similar,0.909,s35-shakuchi-shakuya-suuchi,s41-shakuchi-sogo-suuchi,,借地借家の数値・期限,借地借家総合の数値・期限
numbers.csv,numbers.csv,similar,0.909,s35-shakuchi-shakuya-suuchi,s42-shakuchi-sogo-suuchi,,借地借家の数値・期限,借地借家総合の数値・期限
numbers.csv,numbers.csv,similar,0.909,s35-shakuchi-shakuya-suuchi,s43-shakuchi-sogo-suuchi,,借地借家の数値・期限,借地借家総合の数値・期限
numbers.csv,numbers.csv,similar,0.909,s35-shakuchi-shakuya-suuchi,s44-shakuchi-sogo-suuchi,,借地借家の数値・期限,借地借家総合の数値・期限
numbers.csv,numbers.csv,exact,1.000,s35-kubun-shoyu-suuchi,s36-kubun-shoyu-suuchi,区分所有の数値・期限,,
numbers.csv,numbers.csv,exact,1.000,s35-kubun-shoyu-suuchi,s37-kubun-shoyu-suuchi,区分所有の数値・期限,,
numbers.csv,numbers.csv,exact,1.000,s35-kubun-shoyu-suuchi,s38-kubun-shoyu-suuchi,区分所有の数値・期限,,
numbers.csv,numbers.csv,exact,1.000,s35-kubun-shoyu-suuchi,s39-kubun-shoyu-suuchi,区分所有の数値・期限,,
numbers.csv,numbers.csv,similar,0.909,s35-kubun-shoyu-suuchi,s40-kubun-kanri-suuchi,,区分所有の数値・期限,区分所有管理の数値・期限
numbers.csv,numbers.csv,similar,0.909,s35-kubun-shoyu-suuchi,s41-kubun-kanri-suuchi,,区分所有の数値・期限,区分所有管理の数値・期限
numbers.csv,numbers.csv,similar,0.909,s35-kubun-shoyu-suuchi,s42-kubun-kanri-suuchi,,区分所有の数値・期限,区分所有管理の数値・期限
numbers.csv,numbers.csv,similar,0.909,s35-kubun-shoyu-suuchi,s43-kubun-kanri-suuchi,,区分所有の数値・期限,区分所有管理の数値・期限
numbers.csv,numbers.csv,similar,0.909,s35-kubun-shoyu-suuchi,s44-kubun-kanri-suuchi,,区分所有の数値・期限,区分所有管理の数値・期限
numbers.csv,numbers.csv,exact,1.000,s35-toshikeikaku-suuchi,s36-toshikeikaku-suuchi,都市計画の数値・期限,,
numbers.csv,numbers.csv,exact,1.000,s35-toshikeikaku-suuchi,s37-toshikeikaku-suuchi,都市計画の数値・期限,,
numbers.csv,numbers.csv,exact,1.000,s35-toshikeikaku-suuchi,s38-toshikeikaku-suuchi,都市計画の数値・期限,,
numbers.csv,numbers.csv,exact,1.000,s35-toshikeikaku-suuchi,s39-toshikeikaku-suuchi,都市計画の数値・期限,,
numbers.csv,numbers.csv,similar,0.952,s35-toshikeikaku-suuchi,s40-toshi-hou-suuchi,,都市計画の数値・期限,都市計画法の数値・期限
numbers.csv,numbers.csv,similar,0.952,s35-toshikeikaku-suuchi,s41-toshi-hou-suuchi,,都市計画の数値・期限,都市計画法の数値・期限
numbers.csv,numbers.csv,similar,0.952,s35-toshikeikaku-suuchi,s42-toshi-hou-suuchi,,都市計画の数値・期限,都市計画法の数値・期限
numbers.csv,numbers.csv,similar,0.952,s35-toshikeikaku-suuchi,s43-toshi-hou-suuchi,,都市計画の数値・期限,都市計画法の数値・期限
numbers.csv,numbers.csv,similar,0.952,s35-toshikeikaku-suuchi,s44-toshi-hou-suuchi,,都市計画の数値・期限,都市計画法の数値・期限
numbers.csv,numbers.csv,exact,1.000,s35-touki-suuchi,s36-touki-suuchi,登記の数値・期限,,
numbers.csv,numbers.csv,exact,1.000,s35-touki-suuchi,s37-touki-suuchi,登記の数値・期限,,
numbers.csv,numbers.csv,exact,1.000,s35-touki-suuchi,s38-touki-suuchi,登記の数値・期限,,
numbers.csv,numbers.csv,exact,1.000,s35-touki-suuchi,s39-touki-suuchi,登記の数値・期限,,
numbers.csv,numbers.csv,exact,1.000,s35-keiyaku-futekigou-suuchi,s36-keiyaku-futekigou-suuchi,契約不適合の数値・期限,,
numbers.csv,numbers.csv,exact,1.000,s35-keiyaku-futekigou-suuchi,s37-keiyaku-futekigou-suuchi,契約不適合の数値・期限,,
numbers.csv,numbers.csv,exact,1.000,s35-keiyaku-futekigou-suuchi,s38-keiyaku-futekigou-suuchi,契約不適合の数値・期限,,
numbers.csv,numbers.csv,exact,1.000,s35-keiyaku-futekigou-suuchi,s39-keiyaku-futekigou-suuchi,契約不適合の数値・期限,,
numbers.csv,numbers.csv,similar,0.917,s35-keiyaku-futekigou-suuchi,s40-keiyaku-sekinin-suuchi,,契約不適合の数値・期限,契約不適合責任の数値・期限
numbers.csv,numbers.csv,similar,0.917,s35-keiyaku-futekigou-suuchi,s41-keiyaku-sekinin-suuchi,,契約不適合の数値・期限,契約不適合責任の数値・期限
numbers.csv,numbers.csv,similar,0.917,s35-keiyaku-futekigou-suuchi,s42-keiyaku-sekinin-suuchi,,契約不適合の数値・期限,契約不適合責任の数値・期限
numbers.csv,numbers.csv,similar,0.917,s35-keiyaku-futekigou-suuchi,s43-keiyaku-sekinin-suuchi,,契約不適合の数値・期限,契約不適合責任の数値・期限
numbers.csv,numbers.csv,similar,0.917,s35-keiyaku-futekigou-suuchi,s44-keiyaku-sekinin-suuchi,,契約不適合の数値・期限,契約不適合責任の数値・期限
numbers.csv,numbers.csv,exact,1.000,s35-tetsuki-suuchi,s36-tetsuki-suuchi,手付金の数値・期限,,
numbers.csv,numbers.csv,exact,1.000,s35-tetsuki-suuchi,s37-tetsuki-suuchi,手付金の数値・期限,,
numbers.csv,numbers.csv,exact,1.000,s35-tetsuki-suuchi,s38-tetsuki-suuchi,手付金の数値・期限,,
numbers.csv,numbers.csv,exact,1.000,s35-tetsuki-suuchi,s39-tetsuki-suuchi,手付金の数値・期限,,
numbers.csv,numbers.csv,exact,1.000,s35-shiken-taisaku-suuchi,s36-shiken-taisaku-suuchi,試験対策の数値・期限,,
numbers.csv,numbers.csv,exact,1.000,s35-shiken-taisaku-suuchi,s37-shiken-taisaku-suuchi,試験対策の数値・期限,,
numbers.csv,numbers.csv,exact,1.000,s35-shiken-taisaku-suuchi,s38-shiken-taisaku-suuchi,試験対策の数値・期限,,
numbers.csv,numbers.csv,exact,1.000,s35-shiken-taisaku-suuchi,s39-shiken-taisaku-suuchi,試験対策の数値・期限,,
numbers.csv,numbers.csv,exact,1.000,s36-takken-kaisei-suuchi,s37-takken-kaisei-suuchi,宅建業法改正の数値・期限,,
numbers.csv,numbers.csv,exact,1.000,s36-takken-kaisei-suuchi,s38-takken-kaisei-suuchi,宅建業法改正の数値・期限,,
numbers.csv,numbers.csv,exact,1.000,s36-takken-kaisei-suuchi,s39-takken-kaisei-suuchi,宅建業法改正の数値・期限,,
numbers.csv,numbers.csv,exact,1.000,s36-ju35-ju37-suuchi,s37-ju35-ju37-suuchi,35条37条深掘りの数値・期限,,
numbers.csv,numbers.csv,exact,1.000,s36-ju35-ju37-suuchi,s38-ju35-ju37-suuchi,35条37条深掘りの数値・期限,,
numbers.csv,numbers.csv,exact,1.000,s36-ju35-ju37-suuchi,s39-ju35-ju37-suuchi,35条37条深掘りの数値・期限,,
numbers.csv,numbers.csv,exact,1.000,s36-baikai-houshuu-suuchi,s37-baikai-houshuu-suuchi,媒介報酬の数値・期限,,
numbers.csv,numbers.csv,exact,1.000,s36-baikai-houshuu-suuchi,s38-baikai-houshuu-suuchi,媒介報酬の数値・期限,,
numbers.csv,numbers.csv,exact,1.000,s36-baikai-houshuu-suuchi,s39-baikai-houshuu-suuchi,媒介報酬の数値・期限,,
numbers.csv,numbers.csv,exact,1.000,s36-shakuchi-shakuya-suuchi,s37-shakuchi-shakuya-suuchi,借地借家の数値・期限,,
numbers.csv,numbers.csv,exact,1.000,s36-shakuchi-shakuya-suuchi,s38-shakuchi-shakuya-suuchi,借地借家の数値・期限,,
numbers.csv,numbers.csv,exact,1.000,s36-shakuchi-shakuya-suuchi,s39-shakuchi-shakuya-suuchi,借地借家の数値・期限,,
numbers.csv,numbers.csv,similar,0.909,s36-shakuchi-shakuya-suuchi,s40-shakuchi-sogo-suuchi,,借地借家の数値・期限,借地借家総合の数値・期限
numbers.csv,numbers.csv,similar,0.909,s36-shakuchi-shakuya-suuchi,s41-shakuchi-sogo-suuchi,,借地借家の数値・期限,借地借家総合の数値・期限
numbers.csv,numbers.csv,similar,0.909,s36-shakuchi-shakuya-suuchi,s42-shakuchi-sogo-suuchi,,借地借家の数値・期限,借地借家総合の数値・期限
numbers.csv,numbers.csv,similar,0.909,s36-shakuchi-shakuya-suuchi,s43-shakuchi-sogo-suuchi,,借地借家の数値・期限,借地借家総合の数値・期限
numbers.csv,numbers.csv,similar,0.909,s36-shakuchi-shakuya-suuchi,s44-shakuchi-sogo-suuchi,,借地借家の数値・期限,借地借家総合の数値・期限
numbers.csv,numbers.csv,exact,1.000,s36-kubun-shoyu-suuchi,s37-kubun-shoyu-suuchi,区分所有の数値・期限,,
numbers.csv,numbers.csv,exact,1.000,s36-kubun-shoyu-suuchi,s38-kubun-shoyu-suuchi,区分所有の数値・期限,,
numbers.csv,numbers.csv,exact,1.000,s36-kubun-shoyu-suuchi,s39-kubun-shoyu-suuchi,区分所有の数値・期限,,
numbers.csv,numbers.csv,similar,0.909,s36-kubun-shoyu-suuchi,s40-kubun-kanri-suuchi,,区分所有の数値・期限,区分所有管理の数値・期限
numbers.csv,numbers.csv,similar,0.909,s36-kubun-shoyu-suuchi,s41-kubun-kanri-suuchi,,区分所有の数値・期限,区分所有管理の数値・期限
numbers.csv,numbers.csv,similar,0.909,s36-kubun-shoyu-suuchi,s42-kubun-kanri-suuchi,,区分所有の数値・期限,区分所有管理の数値・期限
numbers.csv,numbers.csv,similar,0.909,s36-kubun-shoyu-suuchi,s43-kubun-kanri-suuchi,,区分所有の数値・期限,区分所有管理の数値・期限
numbers.csv,numbers.csv,similar,0.909,s36-kubun-shoyu-suuchi,s44-kubun-kanri-suuchi,,区分所有の数値・期限,区分所有管理の数値・期限
numbers.csv,numbers.csv,exact,1.000,s36-toshikeikaku-suuchi,s37-toshikeikaku-suuchi,都市計画の数値・期限,,
numbers.csv,numbers.csv,exact,1.000,s36-toshikeikaku-suuchi,s38-toshikeikaku-suuchi,都市計画の数値・期限,,
numbers.csv,numbers.csv,exact,1.000,s36-toshikeikaku-suuchi,s39-toshikeikaku-suuchi,都市計画の数値・期限,,
numbers.csv,numbers.csv,similar,0.952,s36-toshikeikaku-suuchi,s40-toshi-hou-suuchi,,都市計画の数値・期限,都市計画法の数値・期限
numbers.csv,numbers.csv,similar,0.952,s36-toshikeikaku-suuchi,s41-toshi-hou-suuchi,,都市計画の数値・期限,都市計画法の数値・期限
numbers.csv,numbers.csv,similar,0.952,s36-toshikeikaku-suuchi,s42-toshi-hou-suuchi,,都市計画の数値・期限,都市計画法の数値・期限
numbers.csv,numbers.csv,similar,0.952,s36-toshikeikaku-suuchi,s43-toshi-hou-suuchi,,都市計画の数値・期限,都市計画法の数値・期限
numbers.csv,numbers.csv,similar,0.952,s36-toshikeikaku-suuchi,s44-toshi-hou-suuchi,,都市計画の数値・期限,都市計画法の数値・期限
numbers.csv,numbers.csv,exact,1.000,s36-touki-suuchi,s37-touki-suuchi,登記の数値・期限,,
numbers.csv,numbers.csv,exact,1.000,s36-touki-suuchi,s38-touki-suuchi,登記の数値・期限,,
numbers.csv,numbers.csv,exact,1.000,s36-touki-suuchi,s39-touki-suuchi,登記の数値・期限,,
numbers.csv,numbers.csv,exact,1.000,s36-keiyaku-futekigou-suuchi,s37-keiyaku-futekigou-suuchi,契約不適合の数値・期限,,
numbers.csv,numbers.csv,exact,1.000,s36-keiyaku-futekigou-suuchi,s38-keiyaku-futekigou-suuchi,契約不適合の数値・期限,,
numbers.csv,numbers.csv,exact,1.000,s36-keiyaku-futekigou-suuchi,s39-keiyaku-futekigou-suuchi,契約不適合の数値・期限,,
numbers.csv,numbers.csv,similar,0.917,s36-keiyaku-futekigou-suuchi,s40-keiyaku-sekinin-suuchi,,契約不適合の数値・期限,契約不適合責任の数値・期限
numbers.csv,numbers.csv,similar,0.917,s36-keiyaku-futekigou-suuchi,s41-keiyaku-sekinin-suuchi,,契約不適合の数値・期限,契約不適合責任の数値・期限
numbers.csv,numbers.csv,similar,0.917,s36-keiyaku-futekigou-suuchi,s42-keiyaku-sekinin-suuchi,,契約不適合の数値・期限,契約不適合責任の数値・期限
numbers.csv,numbers.csv,similar,0.917,s36-keiyaku-futekigou-suuchi,s43-keiyaku-sekinin-suuchi,,契約不適合の数値・期限,契約不適合責任の数値・期限
numbers.csv,numbers.csv,similar,0.917,s36-keiyaku-futekigou-suuchi,s44-keiyaku-sekinin-suuchi,,契約不適合の数値・期限,契約不適合責任の数値・期限
numbers.csv,numbers.csv,exact,1.000,s36-tetsuki-suuchi,s37-tetsuki-suuchi,手付金の数値・期限,,
numbers.csv,numbers.csv,exact,1.000,s36-tetsuki-suuchi,s38-tetsuki-suuchi,手付金の数値・期限,,
numbers.csv,numbers.csv,exact,1.000,s36-tetsuki-suuchi,s39-tetsuki-suuchi,手付金の数値・期限,,
numbers.csv,numbers.csv,exact,1.000,s36-shiken-taisaku-suuchi,s37-shiken-taisaku-suuchi,試験対策の数値・期限,,
numbers.csv,numbers.csv,exact,1.000,s36-shiken-taisaku-suuchi,s38-shiken-taisaku-suuchi,試験対策の数値・期限,,
numbers.csv,numbers.csv,exact,1.000,s36-shiken-taisaku-suuchi,s39-shiken-taisaku-suuchi,試験対策の数値・期限,,
numbers.csv,numbers.csv,exact,1.000,s37-takken-kaisei-suuchi,s38-takken-kaisei-suuchi,宅建業法改正の数値・期限,,
numbers.csv,numbers.csv,exact,1.000,s37-takken-kaisei-suuchi,s39-takken-kaisei-suuchi,宅建業法改正の数値・期限,,
numbers.csv,numbers.csv,exact,1.000,s37-ju35-ju37-suuchi,s38-ju35-ju37-suuchi,35条37条深掘りの数値・期限,,
numbers.csv,numbers.csv,exact,1.000,s37-ju35-ju37-suuchi,s39-ju35-ju37-suuchi,35条37条深掘りの数値・期限,,
numbers.csv,numbers.csv,exact,1.000,s37-baikai-houshuu-suuchi,s38-baikai-houshuu-suuchi,媒介報酬の数値・期限,,
numbers.csv,numbers.csv,exact,1.000,s37-baikai-houshuu-suuchi,s39-baikai-houshuu-suuchi,媒介報酬の数値・期限,,
numbers.csv,numbers.csv,exact,1.000,s37-shakuchi-shakuya-suuchi,s38-shakuchi-shakuya-suuchi,借地借家の数値・期限,,
numbers.csv,numbers.csv,exact,1.000,s37-shakuchi-shakuya-suuchi,s39-shakuchi-shakuya-suuchi,借地借家の数値・期限,,
numbers.csv,numbers.csv,similar,0.909,s37-shakuchi-shakuya-suuchi,s40-shakuchi-sogo-suuchi,,借地借家の数値・期限,借地借家総合の数値・期限
numbers.csv,numbers.csv,similar,0.909,s37-shakuchi-shakuya-suuchi,s41-shakuchi-sogo-suuchi,,借地借家の数値・期限,借地借家総合の数値・期限
numbers.csv,numbers.csv,similar,0.909,s37-shakuchi-shakuya-suuchi,s42-shakuchi-sogo-suuchi,,借地借家の数値・期限,借地借家総合の数値・期限
numbers.csv,numbers.csv,similar,0.909,s37-shakuchi-shakuya-suuchi,s43-shakuchi-sogo-suuchi,,借地借家の数値・期限,借地借家総合の数値・期限
numbers.csv,numbers.csv,similar,0.909,s37-shakuchi-shakuya-suuchi,s44-shakuchi-sogo-suuchi,,借地借家の数値・期限,借地借家総合の数値・期限
numbers.csv,numbers.csv,exact,1.000,s37-kubun-shoyu-suuchi,s38-kubun-shoyu-suuchi,区分所有の数値・期限,,
numbers.csv,numbers.csv,exact,1.000,s37-kubun-shoyu-suuchi,s39-kubun-shoyu-suuchi,区分所有の数値・期限,,
numbers.csv,numbers.csv,similar,0.909,s37-kubun-shoyu-suuchi,s40-kubun-kanri-suuchi,,区分所有の数値・期限,区分所有管理の数値・期限
numbers.csv,numbers.csv,similar,0.909,s37-kubun-shoyu-suuchi,s41-kubun-kanri-suuchi,,区分所有の数値・期限,区分所有管理の数値・期限
numbers.csv,numbers.csv,similar,0.909,s37-kubun-shoyu-suuchi,s42-kubun-kanri-suuchi,,区分所有の数値・期限,区分所有管理の数値・期限
numbers.csv,numbers.csv,similar,0.909,s37-kubun-shoyu-suuchi,s43-kubun-kanri-suuchi,,区分所有の数値・期限,区分所有管理の数値・期限
numbers.csv,numbers.csv,similar,0.909,s37-kubun-shoyu-suuchi,s44-kubun-kanri-suuchi,,区分所有の数値・期限,区分所有管理の数値・期限
numbers.csv,numbers.csv,exact,1.000,s37-toshikeikaku-suuchi,s38-toshikeikaku-suuchi,都市計画の数値・期限,,
numbers.csv,numbers.csv,exact,1.000,s37-toshikeikaku-suuchi,s39-toshikeikaku-suuchi,都市計画の数値・期限,,
numbers.csv,numbers.csv,similar,0.952,s37-toshikeikaku-suuchi,s40-toshi-hou-suuchi,,都市計画の数値・期限,都市計画法の数値・期限
numbers.csv,numbers.csv,similar,0.952,s37-toshikeikaku-suuchi,s41-toshi-hou-suuchi,,都市計画の数値・期限,都市計画法の数値・期限
numbers.csv,numbers.csv,similar,0.952,s37-toshikeikaku-suuchi,s42-toshi-hou-suuchi,,都市計画の数値・期限,都市計画法の数値・期限
numbers.csv,numbers.csv,similar,0.952,s37-toshikeikaku-suuchi,s43-toshi-hou-suuchi,,都市計画の数値・期限,都市計画法の数値・期限
numbers.csv,numbers.csv,similar,0.952,s37-toshikeikaku-suuchi,s44-toshi-hou-suuchi,,都市計画の数値・期限,都市計画法の数値・期限
numbers.csv,numbers.csv,exact,1.000,s37-touki-suuchi,s38-touki-suuchi,登記の数値・期限,,
numbers.csv,numbers.csv,exact,1.000,s37-touki-suuchi,s39-touki-suuchi,登記の数値・期限,,
numbers.csv,numbers.csv,exact,1.000,s37-keiyaku-futekigou-suuchi,s38-keiyaku-futekigou-suuchi,契約不適合の数値・期限,,
numbers.csv,numbers.csv,exact,1.000,s37-keiyaku-futekigou-suuchi,s39-keiyaku-futekigou-suuchi,契約不適合の数値・期限,,
numbers.csv,numbers.csv,similar,0.917,s37-keiyaku-futekigou-suuchi,s40-keiyaku-sekinin-suuchi,,契約不適合の数値・期限,契約不適合責任の数値・期限
numbers.csv,numbers.csv,similar,0.917,s37-keiyaku-futekigou-suuchi,s41-keiyaku-sekinin-suuchi,,契約不適合の数値・期限,契約不適合責任の数値・期限
numbers.csv,numbers.csv,similar,0.917,s37-keiyaku-futekigou-suuchi,s42-keiyaku-sekinin-suuchi,,契約不適合の数値・期限,契約不適合責任の数値・期限
numbers.csv,numbers.csv,similar,0.917,s37-keiyaku-futekigou-suuchi,s43-keiyaku-sekinin-suuchi,,契約不適合の数値・期限,契約不適合責任の数値・期限
numbers.csv,numbers.csv,similar,0.917,s37-keiyaku-futekigou-suuchi,s44-keiyaku-sekinin-suuchi,,契約不適合の数値・期限,契約不適合責任の数値・期限
numbers.csv,numbers.csv,exact,1.000,s37-tetsuki-suuchi,s38-tetsuki-suuchi,手付金の数値・期限,,
numbers.csv,numbers.csv,exact,1.000,s37-tetsuki-suuchi,s39-tetsuki-suuchi,手付金の数値・期限,,
numbers.csv,numbers.csv,exact,1.000,s37-shiken-taisaku-suuchi,s38-shiken-taisaku-suuchi,試験対策の数値・期限,,
numbers.csv,numbers.csv,exact,1.000,s37-shiken-taisaku-suuchi,s39-shiken-taisaku-suuchi,試験対策の数値・期限,,
numbers.csv,numbers.csv,exact,1.000,s38-takken-kaisei-suuchi,s39-takken-kaisei-suuchi,宅建業法改正の数値・期限,,
numbers.csv,numbers.csv,exact,1.000,s38-ju35-ju37-suuchi,s39-ju35-ju37-suuchi,35条37条深掘りの数値・期限,,
numbers.csv,numbers.csv,exact,1.000,s38-baikai-houshuu-suuchi,s39-baikai-houshuu-suuchi,媒介報酬の数値・期限,,
numbers.csv,numbers.csv,exact,1.000,s38-shakuchi-shakuya-suuchi,s39-shakuchi-shakuya-suuchi,借地借家の数値・期限,,
numbers.csv,numbers.csv,similar,0.909,s38-shakuchi-shakuya-suuchi,s40-shakuchi-sogo-suuchi,,借地借家の数値・期限,借地借家総合の数値・期限
numbers.csv,numbers.csv,similar,0.909,s38-shakuchi-shakuya-suuchi,s41-shakuchi-sogo-suuchi,,借地借家の数値・期限,借地借家総合の数値・期限
numbers.csv,numbers.csv,similar,0.909,s38-shakuchi-shakuya-suuchi,s42-shakuchi-sogo-suuchi,,借地借家の数値・期限,借地借家総合の数値・期限
numbers.csv,numbers.csv,similar,0.909,s38-shakuchi-shakuya-suuchi,s43-shakuchi-sogo-suuchi,,借地借家の数値・期限,借地借家総合の数値・期限
numbers.csv,numbers.csv,similar,0.909,s38-shakuchi-shakuya-suuchi,s44-shakuchi-sogo-suuchi,,借地借家の数値・期限,借地借家総合の数値・期限
numbers.csv,numbers.csv,exact,1.000,s38-kubun-shoyu-suuchi,s39-kubun-shoyu-suuchi,区分所有の数値・期限,,
numbers.csv,numbers.csv,similar,0.909,s38-kubun-shoyu-suuchi,s40-kubun-kanri-suuchi,,区分所有の数値・期限,区分所有管理の数値・期限
numbers.csv,numbers.csv,similar,0.909,s38-kubun-shoyu-suuchi,s41-kubun-kanri-suuchi,,区分所有の数値・期限,区分所有管理の数値・期限
numbers.csv,numbers.csv,similar,0.909,s38-kubun-shoyu-suuchi,s42-kubun-kanri-suuchi,,区分所有の数値・期限,区分所有管理の数値・期限
numbers.csv,numbers.csv,similar,0.909,s38-kubun-shoyu-suuchi,s43-kubun-kanri-suuchi,,区分所有の数値・期限,区分所有管理の数値・期限
numbers.csv,numbers.csv,similar,0.909,s38-kubun-shoyu-suuchi,s44-kubun-kanri-suuchi,,区分所有の数値・期限,区分所有管理の数値・期限
numbers.csv,numbers.csv,exact,1.000,s38-toshikeikaku-suuchi,s39-toshikeikaku-suuchi,都市計画の数値・期限,,
numbers.csv,numbers.csv,similar,0.952,s38-toshikeikaku-suuchi,s40-toshi-hou-suuchi,,都市計画の数値・期限,都市計画法の数値・期限
numbers.csv,numbers.csv,similar,0.952,s38-toshikeikaku-suuchi,s41-toshi-hou-suuchi,,都市計画の数値・期限,都市計画法の数値・期限
numbers.csv,numbers.csv,similar,0.952,s38-toshikeikaku-suuchi,s42-toshi-hou-suuchi,,都市計画の数値・期限,都市計画法の数値・期限
numbers.csv,numbers.csv,similar,0.952,s38-toshikeikaku-suuchi,s43-toshi-hou-suuchi,,都市計画の数値・期限,都市計画法の数値・期限
numbers.csv,numbers.csv,similar,0.952,s38-toshikeikaku-suuchi,s44-toshi-hou-suuchi,,都市計画の数値・期限,都市計画法の数値・期限
numbers.csv,numbers.csv,exact,1.000,s38-touki-suuchi,s39-touki-suuchi,登記の数値・期限,,
numbers.csv,numbers.csv,exact,1.000,s38-keiyaku-futekigou-suuchi,s39-keiyaku-futekigou-suuchi,契約不適合の数値・期限,,
numbers.csv,numbers.csv,similar,0.917,s38-keiyaku-futekigou-suuchi,s40-keiyaku-sekinin-suuchi,,契約不適合の数値・期限,契約不適合責任の数値・期限
numbers.csv,numbers.csv,similar,0.917,s38-keiyaku-futekigou-suuchi,s41-keiyaku-sekinin-suuchi,,契約不適合の数値・期限,契約不適合責任の数値・期限
numbers.csv,numbers.csv,similar,0.917,s38-keiyaku-futekigou-suuchi,s42-keiyaku-sekinin-suuchi,,契約不適合の数値・期限,契約不適合責任の数値・期限
numbers.csv,numbers.csv,similar,0.917,s38-keiyaku-futekigou-suuchi,s43-keiyaku-sekinin-suuchi,,契約不適合の数値・期限,契約不適合責任の数値・期限
numbers.csv,numbers.csv,similar,0.917,s38-keiyaku-futekigou-suuchi,s44-keiyaku-sekinin-suuchi,,契約不適合の数値・期限,契約不適合責任の数値・期限
numbers.csv,numbers.csv,exact,1.000,s38-tetsuki-suuchi,s39-tetsuki-suuchi,手付金の数値・期限,,
numbers.csv,numbers.csv,exact,1.000,s38-shiken-taisaku-suuchi,s39-shiken-taisaku-suuchi,試験対策の数値・期限,,
numbers.csv,numbers.csv,similar,0.909,s39-shakuchi-shakuya-suuchi,s40-shakuchi-sogo-suuchi,,借地借家の数値・期限,借地借家総合の数値・期限
numbers.csv,numbers.csv,similar,0.909,s39-shakuchi-shakuya-suuchi,s41-shakuchi-sogo-suuchi,,借地借家の数値・期限,借地借家総合の数値・期限
numbers.csv,numbers.csv,similar,0.909,s39-shakuchi-shakuya-suuchi,s42-shakuchi-sogo-suuchi,,借地借家の数値・期限,借地借家総合の数値・期限
numbers.csv,numbers.csv,similar,0.909,s39-shakuchi-shakuya-suuchi,s43-shakuchi-sogo-suuchi,,借地借家の数値・期限,借地借家総合の数値・期限
numbers.csv,numbers.csv,similar,0.909,s39-shakuchi-shakuya-suuchi,s44-shakuchi-sogo-suuchi,,借地借家の数値・期限,借地借家総合の数値・期限
numbers.csv,numbers.csv,similar,0.909,s39-kubun-shoyu-suuchi,s40-kubun-kanri-suuchi,,区分所有の数値・期限,区分所有管理の数値・期限
numbers.csv,numbers.csv,similar,0.909,s39-kubun-shoyu-suuchi,s41-kubun-kanri-suuchi,,区分所有の数値・期限,区分所有管理の数値・期限
numbers.csv,numbers.csv,similar,0.909,s39-kubun-shoyu-suuchi,s42-kubun-kanri-suuchi,,区分所有の数値・期限,区分所有管理の数値・期限
numbers.csv,numbers.csv,similar,0.909,s39-kubun-shoyu-suuchi,s43-kubun-kanri-suuchi,,区分所有の数値・期限,区分所有管理の数値・期限
numbers.csv,numbers.csv,similar,0.909,s39-kubun-shoyu-suuchi,s44-kubun-kanri-suuchi,,区分所有の数値・期限,区分所有管理の数値・期限
numbers.csv,numbers.csv,similar,0.952,s39-toshikeikaku-suuchi,s40-toshi-hou-suuchi,,都市計画の数値・期限,都市計画法の数値・期限
numbers.csv,numbers.csv,similar,0.952,s39-toshikeikaku-suuchi,s41-toshi-hou-suuchi,,都市計画の数値・期限,都市計画法の数値・期限
numbers.csv,numbers.csv,similar,0.952,s39-toshikeikaku-suuchi,s42-toshi-hou-suuchi,,都市計画の数値・期限,都市計画法の数値・期限
numbers.csv,numbers.csv,similar,0.952,s39-toshikeikaku-suuchi,s43-toshi-hou-suuchi,,都市計画の数値・期限,都市計画法の数値・期限
numbers.csv,numbers.csv,similar,0.952,s39-toshikeikaku-suuchi,s44-toshi-hou-suuchi,,都市計画の数値・期限,都市計画法の数値・期限
numbers.csv,numbers.csv,similar,0.917,s39-keiyaku-futekigou-suuchi,s40-keiyaku-sekinin-suuchi,,契約不適合の数値・期限,契約不適合責任の数値・期限
numbers.csv,numbers.csv,similar,0.917,s39-keiyaku-futekigou-suuchi,s41-keiyaku-sekinin-suuchi,,契約不適合の数値・期限,契約不適合責任の数値・期限
numbers.csv,numbers.csv,similar,0.917,s39-keiyaku-futekigou-suuchi,s42-keiyaku-sekinin-suuchi,,契約不適合の数値・期限,契約不適合責任の数値・期限
numbers.csv,numbers.csv,similar,0.917,s39-keiyaku-futekigou-suuchi,s43-keiyaku-sekinin-suuchi,,契約不適合の数値・期限,契約不適合責任の数値・期限
numbers.csv,numbers.csv,similar,0.917,s39-keiyaku-futekigou-suuchi,s44-keiyaku-sekinin-suuchi,,契約不適合の数値・期限,契約不適合責任の数値・期限
numbers.csv,numbers.csv,exact,1.000,s40-takken-chokuzen-suuchi,s41-takken-chokuzen-suuchi,宅建士試験直前の数値・期限,,
numbers.csv,numbers.csv,exact,1.000,s40-takken-chokuzen-suuchi,s42-takken-chokuzen-suuchi,宅建士試験直前の数値・期限,,
numbers.csv,numbers.csv,exact,1.000,s40-takken-chokuzen-suuchi,s43-takken-chokuzen-suuchi,宅建士試験直前の数値・期限,,
numbers.csv,numbers.csv,exact,1.000,s40-takken-chokuzen-suuchi,s44-takken-chokuzen-suuchi,宅建士試験直前の数値・期限,,
numbers.csv,numbers.csv,exact,1.000,s40-ju3537-shiage-suuchi,s41-ju3537-shiage-suuchi,35条37条総仕上げの数値・期限,,
numbers.csv,numbers.csv,exact,1.000,s40-ju3537-shiage-suuchi,s42-ju3537-shiage-suuchi,35条37条総仕上げの数値・期限,,
numbers.csv,numbers.csv,exact,1.000,s40-ju3537-shiage-suuchi,s43-ju3537-shiage-suuchi,35条37条総仕上げの数値・期限,,
numbers.csv,numbers.csv,exact,1.000,s40-ju3537-shiage-suuchi,s44-ju3537-shiage-suuchi,35条37条総仕上げの数値・期限,,
numbers.csv,numbers.csv,exact,1.000,s40-houshu-jogen-suuchi,s41-houshu-jogen-suuchi,報酬上限計算の数値・期限,,
numbers.csv,numbers.csv,exact,1.000,s40-houshu-jogen-suuchi,s42-houshu-jogen-suuchi,報酬上限計算の数値・期限,,
numbers.csv,numbers.csv,exact,1.000,s40-houshu-jogen-suuchi,s43-houshu-jogen-suuchi,報酬上限計算の数値・期限,,
numbers.csv,numbers.csv,exact,1.000,s40-houshu-jogen-suuchi,s44-houshu-jogen-suuchi,報酬上限計算の数値・期限,,
numbers.csv,numbers.csv,exact,1.000,s40-shakuchi-sogo-suuchi,s41-shakuchi-sogo-suuchi,借地借家総合の数値・期限,,
numbers.csv,numbers.csv,exact,1.000,s40-shakuchi-sogo-suuchi,s42-shakuchi-sogo-suuchi,借地借家総合の数値・期限,,
numbers.csv,numbers.csv,exact,1.000,s40-shakuchi-sogo-suuchi,s43-shakuchi-sogo-suuchi,借地借家総合の数値・期限,,
numbers.csv,numbers.csv,exact,1.000,s40-shakuchi-sogo-suuchi,s44-shakuchi-sogo-suuchi,借地借家総合の数値・期限,,
numbers.csv,numbers.csv,exact,1.000,s40-kubun-kanri-suuchi,s41-kubun-kanri-suuchi,区分所有管理の数値・期限,,
numbers.csv,numbers.csv,exact,1.000,s40-kubun-kanri-suuchi,s42-kubun-kanri-suuchi,区分所有管理の数値・期限,,
numbers.csv,numbers.csv,exact,1.000,s40-kubun-kanri-suuchi,s43-kubun-kanri-suuchi,区分所有管理の数値・期限,,
numbers.csv,numbers.csv,exact,1.000,s40-kubun-kanri-suuchi,s44-kubun-kanri-suuchi,区分所有管理の数値・期限,,
numbers.csv,numbers.csv,exact,1.000,s40-toshi-hou-suuchi,s41-toshi-hou-suuchi,都市計画法の数値・期限,,
numbers.csv,numbers.csv,exact,1.000,s40-toshi-hou-suuchi,s42-toshi-hou-suuchi,都市計画法の数値・期限,,
numbers.csv,numbers.csv,exact,1.000,s40-toshi-hou-suuchi,s43-toshi-hou-suuchi,都市計画法の数値・期限,,
numbers.csv,numbers.csv,exact,1.000,s40-toshi-hou-suuchi,s44-toshi-hou-suuchi,都市計画法の数値・期限,,
numbers.csv,numbers.csv,exact,1.000,s40-touki-kenri-suuchi,s41-touki-kenri-suuchi,登記・権利の数値・期限,,
numbers.csv,numbers.csv,exact,1.000,s40-touki-kenri-suuchi,s42-touki-kenri-suuchi,登記・権利の数値・期限,,
numbers.csv,numbers.csv,exact,1.000,s40-touki-kenri-suuchi,s43-touki-kenri-suuchi,登記・権利の数値・期限,,
numbers.csv,numbers.csv,exact,1.000,s40-touki-kenri-suuchi,s44-touki-kenri-suuchi,登記・権利の数値・期限,,
numbers.csv,numbers.csv,exact,1.000,s40-keiyaku-sekinin-suuchi,s41-keiyaku-sekinin-suuchi,契約不適合責任の数値・期限,,
numbers.csv,numbers.csv,exact,1.000,s40-keiyaku-sekinin-suuchi,s42-keiyaku-sekinin-suuchi,契約不適合責任の数値・期限,,
numbers.csv,numbers.csv,exact,1.000,s40-keiyaku-sekinin-suuchi,s43-keiyaku-sekinin-suuchi,契約不適合責任の数値・期限,,
numbers.csv,numbers.csv,exact,1.000,s40-keiyaku-sekinin-suuchi,s44-keiyaku-sekinin-suuchi,契約不適合責任の数値・期限,,
numbers.csv,numbers.csv,exact,1.000,s40-cooling-off-suuchi,s41-cooling-off-suuchi,クーリングオフの数値・期限,,
numbers.csv,numbers.csv,exact,1.000,s40-cooling-off-suuchi,s42-cooling-off-suuchi,クーリングオフの数値・期限,,
numbers.csv,numbers.csv,exact,1.000,s40-cooling-off-suuchi,s43-cooling-off-suuchi,クーリングオフの数値・期限,,
numbers.csv,numbers.csv,exact,1.000,s40-cooling-off-suuchi,s44-cooling-off-suuchi,クーリングオフの数値・期限,,
numbers.csv,numbers.csv,exact,1.000,s40-jusetsu-tsuika-suuchi,s41-jusetsu-tsuika-suuchi,重要事項追加の数値・期限,,
numbers.csv,numbers.csv,exact,1.000,s40-jusetsu-tsuika-suuchi,s42-jusetsu-tsuika-suuchi,重要事項追加の数値・期限,,
numbers.csv,numbers.csv,exact,1.000,s40-jusetsu-tsuika-suuchi,s43-jusetsu-tsuika-suuchi,重要事項追加の数値・期限,,
numbers.csv,numbers.csv,exact,1.000,s40-jusetsu-tsuika-suuchi,s44-jusetsu-tsuika-suuchi,重要事項追加の数値・期限,,
numbers.csv,numbers.csv,exact,1.000,s41-takken-chokuzen-suuchi,s42-takken-chokuzen-suuchi,宅建士試験直前の数値・期限,,
numbers.csv,numbers.csv,exact,1.000,s41-takken-chokuzen-suuchi,s43-takken-chokuzen-suuchi,宅建士試験直前の数値・期限,,
numbers.csv,numbers.csv,exact,1.000,s41-takken-chokuzen-suuchi,s44-takken-chokuzen-suuchi,宅建士試験直前の数値・期限,,
numbers.csv,numbers.csv,exact,1.000,s41-ju3537-shiage-suuchi,s42-ju3537-shiage-suuchi,35条37条総仕上げの数値・期限,,
numbers.csv,numbers.csv,exact,1.000,s41-ju3537-shiage-suuchi,s43-ju3537-shiage-suuchi,35条37条総仕上げの数値・期限,,
numbers.csv,numbers.csv,exact,1.000,s41-ju3537-shiage-suuchi,s44-ju3537-shiage-suuchi,35条37条総仕上げの数値・期限,,
numbers.csv,numbers.csv,exact,1.000,s41-houshu-jogen-suuchi,s42-houshu-jogen-suuchi,報酬上限計算の数値・期限,,
numbers.csv,numbers.csv,exact,1.000,s41-houshu-jogen-suuchi,s43-houshu-jogen-suuchi,報酬上限計算の数値・期限,,
numbers.csv,numbers.csv,exact,1.000,s41-houshu-jogen-suuchi,s44-houshu-jogen-suuchi,報酬上限計算の数値・期限,,
numbers.csv,numbers.csv,exact,1.000,s41-shakuchi-sogo-suuchi,s42-shakuchi-sogo-suuchi,借地借家総合の数値・期限,,
numbers.csv,numbers.csv,exact,1.000,s41-shakuchi-sogo-suuchi,s43-shakuchi-sogo-suuchi,借地借家総合の数値・期限,,
numbers.csv,numbers.csv,exact,1.000,s41-shakuchi-sogo-suuchi,s44-shakuchi-sogo-suuchi,借地借家総合の数値・期限,,
numbers.csv,numbers.csv,exact,1.000,s41-kubun-kanri-suuchi,s42-kubun-kanri-suuchi,区分所有管理の数値・期限,,
numbers.csv,numbers.csv,exact,1.000,s41-kubun-kanri-suuchi,s43-kubun-kanri-suuchi,区分所有管理の数値・期限,,
numbers.csv,numbers.csv,exact,1.000,s41-kubun-kanri-suuchi,s44-kubun-kanri-suuchi,区分所有管理の数値・期限,,
numbers.csv,numbers.csv,exact,1.000,s41-toshi-hou-suuchi,s42-toshi-hou-suuchi,都市計画法の数値・期限,,
numbers.csv,numbers.csv,exact,1.000,s41-toshi-hou-suuchi,s43-toshi-hou-suuchi,都市計画法の数値・期限,,
numbers.csv,numbers.csv,exact,1.000,s41-toshi-hou-suuchi,s44-toshi-hou-suuchi,都市計画法の数値・期限,,
numbers.csv,numbers.csv,exact,1.000,s41-touki-kenri-suuchi,s42-touki-kenri-suuchi,登記・権利の数値・期限,,
numbers.csv,numbers.csv,exact,1.000,s41-touki-kenri-suuchi,s43-touki-kenri-suuchi,登記・権利の数値・期限,,
numbers.csv,numbers.csv,exact,1.000,s41-touki-kenri-suuchi,s44-touki-kenri-suuchi,登記・権利の数値・期限,,
numbers.csv,numbers.csv,exact,1.000,s41-keiyaku-sekinin-suuchi,s42-keiyaku-sekinin-suuchi,契約不適合責任の数値・期限,,
numbers.csv,numbers.csv,exact,1.000,s41-keiyaku-sekinin-suuchi,s43-keiyaku-sekinin-suuchi,契約不適合責任の数値・期限,,
numbers.csv,numbers.csv,exact,1.000,s41-keiyaku-sekinin-suuchi,s44-keiyaku-sekinin-suuchi,契約不適合責任の数値・期限,,
numbers.csv,numbers.csv,exact,1.000,s41-cooling-off-suuchi,s42-cooling-off-suuchi,クーリングオフの数値・期限,,
numbers.csv,numbers.csv,exact,1.000,s41-cooling-off-suuchi,s43-cooling-off-suuchi,クーリングオフの数値・期限,,
numbers.csv,numbers.csv,exact,1.000,s41-cooling-off-suuchi,s44-cooling-off-suuchi,クーリングオフの数値・期限,,
numbers.csv,numbers.csv,exact,1.000,s41-jusetsu-tsuika-suuchi,s42-jusetsu-tsuika-suuchi,重要事項追加の数値・期限,,
numbers.csv,numbers.csv,exact,1.000,s41-jusetsu-tsuika-suuchi,s43-jusetsu-tsuika-suuchi,重要事項追加の数値・期限,,
numbers.csv,numbers.csv,exact,1.000,s41-jusetsu-tsuika-suuchi,s44-jusetsu-tsuika-suuchi,重要事項追加の数値・期限,,
numbers.csv,numbers.csv,exact,1.000,s42-takken-chokuzen-suuchi,s43-takken-chokuzen-suuchi,宅建士試験直前の数値・期限,,
numbers.csv,numbers.csv,exact,1.000,s42-takken-chokuzen-suuchi,s44-takken-chokuzen-suuchi,宅建士試験直前の数値・期限,,
numbers.csv,numbers.csv,exact,1.000,s42-ju3537-shiage-suuchi,s43-ju3537-shiage-suuchi,35条37条総仕上げの数値・期限,,
numbers.csv,numbers.csv,exact,1.000,s42-ju3537-shiage-suuchi,s44-ju3537-shiage-suuchi,35条37条総仕上げの数値・期限,,
numbers.csv,numbers.csv,exact,1.000,s42-houshu-jogen-suuchi,s43-houshu-jogen-suuchi,報酬上限計算の数値・期限,,
numbers.csv,numbers.csv,exact,1.000,s42-houshu-jogen-suuchi,s44-houshu-jogen-suuchi,報酬上限計算の数値・期限,,
numbers.csv,numbers.csv,exact,1.000,s42-shakuchi-sogo-suuchi,s43-shakuchi-sogo-suuchi,借地借家総合の数値・期限,,
numbers.csv,numbers.csv,exact,1.000,s42-shakuchi-sogo-suuchi,s44-shakuchi-sogo-suuchi,借地借家総合の数値・期限,,
numbers.csv,numbers.csv,exact,1.000,s42-kubun-kanri-suuchi,s43-kubun-kanri-suuchi,区分所有管理の数値・期限,,
numbers.csv,numbers.csv,exact,1.000,s42-kubun-kanri-suuchi,s44-kubun-kanri-suuchi,区分所有管理の数値・期限,,
numbers.csv,numbers.csv,exact,1.000,s42-toshi-hou-suuchi,s43-toshi-hou-suuchi,都市計画法の数値・期限,,
numbers.csv,numbers.csv,exact,1.000,s42-toshi-hou-suuchi,s44-toshi-hou-suuchi,都市計画法の数値・期限,,
numbers.csv,numbers.csv,exact,1.000,s42-touki-kenri-suuchi,s43-touki-kenri-suuchi,登記・権利の数値・期限,,
numbers.csv,numbers.csv,exact,1.000,s42-touki-kenri-suuchi,s44-touki-kenri-suuchi,登記・権利の数値・期限,,
numbers.csv,numbers.csv,exact,1.000,s42-keiyaku-sekinin-suuchi,s43-keiyaku-sekinin-suuchi,契約不適合責任の数値・期限,,
numbers.csv,numbers.csv,exact,1.000,s42-keiyaku-sekinin-suuchi,s44-keiyaku-sekinin-suuchi,契約不適合責任の数値・期限,,
numbers.csv,numbers.csv,exact,1.000,s42-cooling-off-suuchi,s43-cooling-off-suuchi,クーリングオフの数値・期限,,
numbers.csv,numbers.csv,exact,1.000,s42-cooling-off-suuchi,s44-cooling-off-suuchi,クーリングオフの数値・期限,,
numbers.csv,numbers.csv,exact,1.000,s42-jusetsu-tsuika-suuchi,s43-jusetsu-tsuika-suuchi,重要事項追加の数値・期限,,
numbers.csv,numbers.csv,exact,1.000,s42-jusetsu-tsuika-suuchi,s44-jusetsu-tsuika-suuchi,重要事項追加の数値・期限,,
numbers.csv,numbers.csv,exact,1.000,s43-takken-chokuzen-suuchi,s44-takken-chokuzen-suuchi,宅建士試験直前の数値・期限,,
numbers.csv,numbers.csv,exact,1.000,s43-ju3537-shiage-suuchi,s44-ju3537-shiage-suuchi,35条37条総仕上げの数値・期限,,
numbers.csv,numbers.csv,exact,1.000,s43-houshu-jogen-suuchi,s44-houshu-jogen-suuchi,報酬上限計算の数値・期限,,
numbers.csv,numbers.csv,exact,1.000,s43-shakuchi-sogo-suuchi,s44-shakuchi-sogo-suuchi,借地借家総合の数値・期限,,
numbers.csv,numbers.csv,exact,1.000,s43-kubun-kanri-suuchi,s44-kubun-kanri-suuchi,区分所有管理の数値・期限,,
numbers.csv,numbers.csv,exact,1.000,s43-toshi-hou-suuchi,s44-toshi-hou-suuchi,都市計画法の数値・期限,,
numbers.csv,numbers.csv,exact,1.000,s43-touki-kenri-suuchi,s44-touki-kenri-suuchi,登記・権利の数値・期限,,
numbers.csv,numbers.csv,exact,1.000,s43-keiyaku-sekinin-suuchi,s44-keiyaku-sekinin-suuchi,契約不適合責任の数値・期限,,
numbers.csv,numbers.csv,exact,1.000,s43-cooling-off-suuchi,s44-cooling-off-suuchi,クーリングオフの数値・期限,,
numbers.csv,numbers.csv,exact,1.000,s43-jusetsu-tsuika-suuchi,s44-jusetsu-tsuika-suuchi,重要事項追加の数値・期限,,
mistakes.csv,mistakes.csv,exact,1.000,s35-kon-takken-kaisei,s36-kon-takken-kaisei,宅建業法改正の典型誤答,,
mistakes.csv,mistakes.csv,exact,1.000,s35-kon-takken-kaisei,s37-kon-takken-kaisei,宅建業法改正の典型誤答,,
mistakes.csv,mistakes.csv,exact,1.000,s35-kon-takken-kaisei,s38-kon-takken-kaisei,宅建業法改正の典型誤答,,
mistakes.csv,mistakes.csv,exact,1.000,s35-kon-takken-kaisei,s39-kon-takken-kaisei,宅建業法改正の典型誤答,,
mistakes.csv,mistakes.csv,exact,1.000,s35-kon-ju35-ju37,s36-kon-ju35-ju37,35条37条深掘りの典型誤答,,
mistakes.csv,mistakes.csv,exact,1.000,s35-kon-ju35-ju37,s37-kon-ju35-ju37,35条37条深掘りの典型誤答,,
mistakes.csv,mistakes.csv,exact,1.000,s35-kon-ju35-ju37,s38-kon-ju35-ju37,35条37条深掘りの典型誤答,,
mistakes.csv,mistakes.csv,exact,1.000,s35-kon-ju35-ju37,s39-kon-ju35-ju37,35条37条深掘りの典型誤答,,
mistakes.csv,mistakes.csv,exact,1.000,s35-kon-baikai-houshuu,s36-kon-baikai-houshuu,媒介報酬の典型誤答,,
mistakes.csv,mistakes.csv,exact,1.000,s35-kon-baikai-houshuu,s37-kon-baikai-houshuu,媒介報酬の典型誤答,,
mistakes.csv,mistakes.csv,exact,1.000,s35-kon-baikai-houshuu,s38-kon-baikai-houshuu,媒介報酬の典型誤答,,
mistakes.csv,mistakes.csv,exact,1.000,s35-kon-baikai-houshuu,s39-kon-baikai-houshuu,媒介報酬の典型誤答,,
mistakes.csv,mistakes.csv,exact,1.000,s35-kon-shakuchi-shakuya,s36-kon-shakuchi-shakuya,借地借家の典型誤答,,
mistakes.csv,mistakes.csv,exact,1.000,s35-kon-shakuchi-shakuya,s37-kon-shakuchi-shakuya,借地借家の典型誤答,,
mistakes.csv,mistakes.csv,exact,1.000,s35-kon-shakuchi-shakuya,s38-kon-shakuchi-shakuya,借地借家の典型誤答,,
mistakes.csv,mistakes.csv,exact,1.000,s35-kon-shakuchi-shakuya,s39-kon-shakuchi-shakuya,借地借家の典型誤答,,
mistakes.csv,mistakes.csv,similar,0.900,s35-kon-shakuchi-shakuya,s40-kon-shakuchi-sogo,,借地借家の典型誤答,借地借家総合の典型誤答
mistakes.csv,mistakes.csv,similar,0.900,s35-kon-shakuchi-shakuya,s41-kon-shakuchi-sogo,,借地借家の典型誤答,借地借家総合の典型誤答
mistakes.csv,mistakes.csv,similar,0.900,s35-kon-shakuchi-shakuya,s42-kon-shakuchi-sogo,,借地借家の典型誤答,借地借家総合の典型誤答
mistakes.csv,mistakes.csv,similar,0.900,s35-kon-shakuchi-shakuya,s43-kon-shakuchi-sogo,,借地借家の典型誤答,借地借家総合の典型誤答
mistakes.csv,mistakes.csv,similar,0.900,s35-kon-shakuchi-shakuya,s44-kon-shakuchi-sogo,,借地借家の典型誤答,借地借家総合の典型誤答
mistakes.csv,mistakes.csv,exact,1.000,s35-kon-kubun-shoyu,s36-kon-kubun-shoyu,区分所有の典型誤答,,
mistakes.csv,mistakes.csv,exact,1.000,s35-kon-kubun-shoyu,s37-kon-kubun-shoyu,区分所有の典型誤答,,
mistakes.csv,mistakes.csv,exact,1.000,s35-kon-kubun-shoyu,s38-kon-kubun-shoyu,区分所有の典型誤答,,
mistakes.csv,mistakes.csv,exact,1.000,s35-kon-kubun-shoyu,s39-kon-kubun-shoyu,区分所有の典型誤答,,
mistakes.csv,mistakes.csv,similar,0.900,s35-kon-kubun-shoyu,s40-kon-kubun-kanri,,区分所有の典型誤答,区分所有管理の典型誤答
mistakes.csv,mistakes.csv,similar,0.900,s35-kon-kubun-shoyu,s41-kon-kubun-kanri,,区分所有の典型誤答,区分所有管理の典型誤答
mistakes.csv,mistakes.csv,similar,0.900,s35-kon-kubun-shoyu,s42-kon-kubun-kanri,,区分所有の典型誤答,区分所有管理の典型誤答
mistakes.csv,mistakes.csv,similar,0.900,s35-kon-kubun-shoyu,s43-kon-kubun-kanri,,区分所有の典型誤答,区分所有管理の典型誤答
mistakes.csv,mistakes.csv,similar,0.900,s35-kon-kubun-shoyu,s44-kon-kubun-kanri,,区分所有の典型誤答,区分所有管理の典型誤答
mistakes.csv,mistakes.csv,exact,1.000,s35-kon-toshikeikaku,s36-kon-toshikeikaku,都市計画の典型誤答,,
mistakes.csv,mistakes.csv,exact,1.000,s35-kon-toshikeikaku,s37-kon-toshikeikaku,都市計画の典型誤答,,
mistakes.csv,mistakes.csv,exact,1.000,s35-kon-toshikeikaku,s38-kon-toshikeikaku,都市計画の典型誤答,,
mistakes.csv,mistakes.csv,exact,1.000,s35-kon-toshikeikaku,s39-kon-toshikeikaku,都市計画の典型誤答,,
mistakes.csv,mistakes.csv,similar,0.947,s35-kon-toshikeikaku,s40-kon-toshi-hou,,都市計画の典型誤答,都市計画法の典型誤答
mistakes.csv,mistakes.csv,similar,0.947,s35-kon-toshikeikaku,s41-kon-toshi-hou,,都市計画の典型誤答,都市計画法の典型誤答
mistakes.csv,mistakes.csv,similar,0.947,s35-kon-toshikeikaku,s42-kon-toshi-hou,,都市計画の典型誤答,都市計画法の典型誤答
mistakes.csv,mistakes.csv,similar,0.947,s35-kon-toshikeikaku,s43-kon-toshi-hou,,都市計画の典型誤答,都市計画法の典型誤答
mistakes.csv,mistakes.csv,similar,0.947,s35-kon-toshikeikaku,s44-kon-toshi-hou,,都市計画の典型誤答,都市計画法の典型誤答
mistakes.csv,mistakes.csv,exact,1.000,s35-kon-touki,s36-kon-touki,登記の典型誤答,,
mistakes.csv,mistakes.csv,exact,1.000,s35-kon-touki,s37-kon-touki,登記の典型誤答,,
mistakes.csv,mistakes.csv,exact,1.000,s35-kon-touki,s38-kon-touki,登記の典型誤答,,
mistakes.csv,mistakes.csv,exact,1.000,s35-kon-touki,s39-kon-touki,登記の典型誤答,,
mistakes.csv,mistakes.csv,exact,1.000,s35-kon-keiyaku-futekigou,s36-kon-keiyaku-futekigou,契約不適合の典型誤答,,
mistakes.csv,mistakes.csv,exact,1.000,s35-kon-keiyaku-futekigou,s37-kon-keiyaku-futekigou,契約不適合の典型誤答,,
mistakes.csv,mistakes.csv,exact,1.000,s35-kon-keiyaku-futekigou,s38-kon-keiyaku-futekigou,契約不適合の典型誤答,,
mistakes.csv,mistakes.csv,exact,1.000,s35-kon-keiyaku-futekigou,s39-kon-keiyaku-futekigou,契約不適合の典型誤答,,
mistakes.csv,mistakes.csv,similar,0.909,s35-kon-keiyaku-futekigou,s40-kon-keiyaku-sekinin,,契約不適合の典型誤答,契約不適合責任の典型誤答
mistakes.csv,mistakes.csv,similar,0.909,s35-kon-keiyaku-futekigou,s41-kon-keiyaku-sekinin,,契約不適合の典型誤答,契約不適合責任の典型誤答
mistakes.csv,mistakes.csv,similar,0.909,s35-kon-keiyaku-futekigou,s42-kon-keiyaku-sekinin,,契約不適合の典型誤答,契約不適合責任の典型誤答
mistakes.csv,mistakes.csv,similar,0.909,s35-kon-keiyaku-futekigou,s43-kon-keiyaku-sekinin,,契約不適合の典型誤答,契約不適合責任の典型誤答
mistakes.csv,mistakes.csv,similar,0.909,s35-kon-keiyaku-futekigou,s44-kon-keiyaku-sekinin,,契約不適合の典型誤答,契約不適合責任の典型誤答
mistakes.csv,mistakes.csv,exact,1.000,s35-kon-tetsuki,s36-kon-tetsuki,手付金の典型誤答,,
mistakes.csv,mistakes.csv,exact,1.000,s35-kon-tetsuki,s37-kon-tetsuki,手付金の典型誤答,,
mistakes.csv,mistakes.csv,exact,1.000,s35-kon-tetsuki,s38-kon-tetsuki,手付金の典型誤答,,
mistakes.csv,mistakes.csv,exact,1.000,s35-kon-tetsuki,s39-kon-tetsuki,手付金の典型誤答,,
mistakes.csv,mistakes.csv,exact,1.000,s35-kon-shiken-taisaku,s36-kon-shiken-taisaku,試験対策の典型誤答,,
mistakes.csv,mistakes.csv,exact,1.000,s35-kon-shiken-taisaku,s37-kon-shiken-taisaku,試験対策の典型誤答,,
mistakes.csv,mistakes.csv,exact,1.000,s35-kon-shiken-taisaku,s38-kon-shiken-taisaku,試験対策の典型誤答,,
mistakes.csv,mistakes.csv,exact,1.000,s35-kon-shiken-taisaku,s39-kon-shiken-taisaku,試験対策の典型誤答,,
mistakes.csv,mistakes.csv,exact,1.000,s36-kon-takken-kaisei,s37-kon-takken-kaisei,宅建業法改正の典型誤答,,
mistakes.csv,mistakes.csv,exact,1.000,s36-kon-takken-kaisei,s38-kon-takken-kaisei,宅建業法改正の典型誤答,,
mistakes.csv,mistakes.csv,exact,1.000,s36-kon-takken-kaisei,s39-kon-takken-kaisei,宅建業法改正の典型誤答,,
mistakes.csv,mistakes.csv,exact,1.000,s36-kon-ju35-ju37,s37-kon-ju35-ju37,35条37条深掘りの典型誤答,,
mistakes.csv,mistakes.csv,exact,1.000,s36-kon-ju35-ju37,s38-kon-ju35-ju37,35条37条深掘りの典型誤答,,
mistakes.csv,mistakes.csv,exact,1.000,s36-kon-ju35-ju37,s39-kon-ju35-ju37,35条37条深掘りの典型誤答,,
mistakes.csv,mistakes.csv,exact,1.000,s36-kon-baikai-houshuu,s37-kon-baikai-houshuu,媒介報酬の典型誤答,,
mistakes.csv,mistakes.csv,exact,1.000,s36-kon-baikai-houshuu,s38-kon-baikai-houshuu,媒介報酬の典型誤答,,
mistakes.csv,mistakes.csv,exact,1.000,s36-kon-baikai-houshuu,s39-kon-baikai-houshuu,媒介報酬の典型誤答,,
mistakes.csv,mistakes.csv,exact,1.000,s36-kon-shakuchi-shakuya,s37-kon-shakuchi-shakuya,借地借家の典型誤答,,
mistakes.csv,mistakes.csv,exact,1.000,s36-kon-shakuchi-shakuya,s38-kon-shakuchi-shakuya,借地借家の典型誤答,,
mistakes.csv,mistakes.csv,exact,1.000,s36-kon-shakuchi-shakuya,s39-kon-shakuchi-shakuya,借地借家の典型誤答,,
mistakes.csv,mistakes.csv,similar,0.900,s36-kon-shakuchi-shakuya,s40-kon-shakuchi-sogo,,借地借家の典型誤答,借地借家総合の典型誤答
mistakes.csv,mistakes.csv,similar,0.900,s36-kon-shakuchi-shakuya,s41-kon-shakuchi-sogo,,借地借家の典型誤答,借地借家総合の典型誤答
mistakes.csv,mistakes.csv,similar,0.900,s36-kon-shakuchi-shakuya,s42-kon-shakuchi-sogo,,借地借家の典型誤答,借地借家総合の典型誤答
mistakes.csv,mistakes.csv,similar,0.900,s36-kon-shakuchi-shakuya,s43-kon-shakuchi-sogo,,借地借家の典型誤答,借地借家総合の典型誤答
mistakes.csv,mistakes.csv,similar,0.900,s36-kon-shakuchi-shakuya,s44-kon-shakuchi-sogo,,借地借家の典型誤答,借地借家総合の典型誤答
mistakes.csv,mistakes.csv,exact,1.000,s36-kon-kubun-shoyu,s37-kon-kubun-shoyu,区分所有の典型誤答,,
mistakes.csv,mistakes.csv,exact,1.000,s36-kon-kubun-shoyu,s38-kon-kubun-shoyu,区分所有の典型誤答,,
mistakes.csv,mistakes.csv,exact,1.000,s36-kon-kubun-shoyu,s39-kon-kubun-shoyu,区分所有の典型誤答,,
mistakes.csv,mistakes.csv,similar,0.900,s36-kon-kubun-shoyu,s40-kon-kubun-kanri,,区分所有の典型誤答,区分所有管理の典型誤答
mistakes.csv,mistakes.csv,similar,0.900,s36-kon-kubun-shoyu,s41-kon-kubun-kanri,,区分所有の典型誤答,区分所有管理の典型誤答
mistakes.csv,mistakes.csv,similar,0.900,s36-kon-kubun-shoyu,s42-kon-kubun-kanri,,区分所有の典型誤答,区分所有管理の典型誤答
mistakes.csv,mistakes.csv,similar,0.900,s36-kon-kubun-shoyu,s43-kon-kubun-kanri,,区分所有の典型誤答,区分所有管理の典型誤答
mistakes.csv,mistakes.csv,similar,0.900,s36-kon-kubun-shoyu,s44-kon-kubun-kanri,,区分所有の典型誤答,区分所有管理の典型誤答
mistakes.csv,mistakes.csv,exact,1.000,s36-kon-toshikeikaku,s37-kon-toshikeikaku,都市計画の典型誤答,,
mistakes.csv,mistakes.csv,exact,1.000,s36-kon-toshikeikaku,s38-kon-toshikeikaku,都市計画の典型誤答,,
mistakes.csv,mistakes.csv,exact,1.000,s36-kon-toshikeikaku,s39-kon-toshikeikaku,都市計画の典型誤答,,
mistakes.csv,mistakes.csv,similar,0.947,s36-kon-toshikeikaku,s40-kon-toshi-hou,,都市計画の典型誤答,都市計画法の典型誤答
mistakes.csv,mistakes.csv,similar,0.947,s36-kon-toshikeikaku,s41-kon-toshi-hou,,都市計画の典型誤答,都市計画法の典型誤答
mistakes.csv,mistakes.csv,similar,0.947,s36-kon-toshikeikaku,s42-kon-toshi-hou,,都市計画の典型誤答,都市計画法の典型誤答
mistakes.csv,mistakes.csv,similar,0.947,s36-kon-toshikeikaku,s43-kon-toshi-hou,,都市計画の典型誤答,都市計画法の典型誤答
mistakes.csv,mistakes.csv,similar,0.947,s36-kon-toshikeikaku,s44-kon-toshi-hou,,都市計画の典型誤答,都市計画法の典型誤答
mistakes.csv,mistakes.csv,exact,1.000,s36-kon-touki,s37-kon-touki,登記の典型誤答,,
mistakes.csv,mistakes.csv,exact,1.000,s36-kon-touki,s38-kon-touki,登記の典型誤答,,
mistakes.csv,mistakes.csv,exact,1.000,s36-kon-touki,s39-kon-touki,登記の典型誤答,,
mistakes.csv,mistakes.csv,exact,1.000,s36-kon-keiyaku-futekigou,s37-kon-keiyaku-futekigou,契約不適合の典型誤答,,
mistakes.csv,mistakes.csv,exact,1.000,s36-kon-keiyaku-futekigou,s38-kon-keiyaku-futekigou,契約不適合の典型誤答,,
mistakes.csv,mistakes.csv,exact,1.000,s36-kon-keiyaku-futekigou,s39-kon-keiyaku-futekigou,契約不適合の典型誤答,,
mistakes.csv,mistakes.csv,similar,0.909,s36-kon-keiyaku-futekigou,s40-kon-keiyaku-sekinin,,契約不適合の典型誤答,契約不適合責任の典型誤答
mistakes.csv,mistakes.csv,similar,0.909,s36-kon-keiyaku-futekigou,s41-kon-keiyaku-sekinin,,契約不適合の典型誤答,契約不適合責任の典型誤答
mistakes.csv,mistakes.csv,similar,0.909,s36-kon-keiyaku-futekigou,s42-kon-keiyaku-sekinin,,契約不適合の典型誤答,契約不適合責任の典型誤答
mistakes.csv,mistakes.csv,similar,0.909,s36-kon-keiyaku-futekigou,s43-kon-keiyaku-sekinin,,契約不適合の典型誤答,契約不適合責任の典型誤答
mistakes.csv,mistakes.csv,similar,0.909,s36-kon-keiyaku-futekigou,s44-kon-keiyaku-sekinin,,契約不適合の典型誤答,契約不適合責任の典型誤答
mistakes.csv,mistakes.csv,exact,1.000,s36-kon-tetsuki,s37-kon-tetsuki,手付金の典型誤答,,
mistakes.csv,mistakes.csv,exact,1.000,s36-kon-tetsuki,s38-kon-tetsuki,手付金の典型誤答,,
mistakes.csv,mistakes.csv,exact,1.000,s36-kon-tetsuki,s39-kon-tetsuki,手付金の典型誤答,,
mistakes.csv,mistakes.csv,exact,1.000,s36-kon-shiken-taisaku,s37-kon-shiken-taisaku,試験対策の典型誤答,,
mistakes.csv,mistakes.csv,exact,1.000,s36-kon-shiken-taisaku,s38-kon-shiken-taisaku,試験対策の典型誤答,,
mistakes.csv,mistakes.csv,exact,1.000,s36-kon-shiken-taisaku,s39-kon-shiken-taisaku,試験対策の典型誤答,,
mistakes.csv,mistakes.csv,exact,1.000,s37-kon-takken-kaisei,s38-kon-takken-kaisei,宅建業法改正の典型誤答,,
mistakes.csv,mistakes.csv,exact,1.000,s37-kon-takken-kaisei,s39-kon-takken-kaisei,宅建業法改正の典型誤答,,
mistakes.csv,mistakes.csv,exact,1.000,s37-kon-ju35-ju37,s38-kon-ju35-ju37,35条37条深掘りの典型誤答,,
mistakes.csv,mistakes.csv,exact,1.000,s37-kon-ju35-ju37,s39-kon-ju35-ju37,35条37条深掘りの典型誤答,,
mistakes.csv,mistakes.csv,exact,1.000,s37-kon-baikai-houshuu,s38-kon-baikai-houshuu,媒介報酬の典型誤答,,
mistakes.csv,mistakes.csv,exact,1.000,s37-kon-baikai-houshuu,s39-kon-baikai-houshuu,媒介報酬の典型誤答,,
mistakes.csv,mistakes.csv,exact,1.000,s37-kon-shakuchi-shakuya,s38-kon-shakuchi-shakuya,借地借家の典型誤答,,
mistakes.csv,mistakes.csv,exact,1.000,s37-kon-shakuchi-shakuya,s39-kon-shakuchi-shakuya,借地借家の典型誤答,,
mistakes.csv,mistakes.csv,similar,0.900,s37-kon-shakuchi-shakuya,s40-kon-shakuchi-sogo,,借地借家の典型誤答,借地借家総合の典型誤答
mistakes.csv,mistakes.csv,similar,0.900,s37-kon-shakuchi-shakuya,s41-kon-shakuchi-sogo,,借地借家の典型誤答,借地借家総合の典型誤答
mistakes.csv,mistakes.csv,similar,0.900,s37-kon-shakuchi-shakuya,s42-kon-shakuchi-sogo,,借地借家の典型誤答,借地借家総合の典型誤答
mistakes.csv,mistakes.csv,similar,0.900,s37-kon-shakuchi-shakuya,s43-kon-shakuchi-sogo,,借地借家の典型誤答,借地借家総合の典型誤答
mistakes.csv,mistakes.csv,similar,0.900,s37-kon-shakuchi-shakuya,s44-kon-shakuchi-sogo,,借地借家の典型誤答,借地借家総合の典型誤答
mistakes.csv,mistakes.csv,exact,1.000,s37-kon-kubun-shoyu,s38-kon-kubun-shoyu,区分所有の典型誤答,,
mistakes.csv,mistakes.csv,exact,1.000,s37-kon-kubun-shoyu,s39-kon-kubun-shoyu,区分所有の典型誤答,,
mistakes.csv,mistakes.csv,similar,0.900,s37-kon-kubun-shoyu,s40-kon-kubun-kanri,,区分所有の典型誤答,区分所有管理の典型誤答
mistakes.csv,mistakes.csv,similar,0.900,s37-kon-kubun-shoyu,s41-kon-kubun-kanri,,区分所有の典型誤答,区分所有管理の典型誤答
mistakes.csv,mistakes.csv,similar,0.900,s37-kon-kubun-shoyu,s42-kon-kubun-kanri,,区分所有の典型誤答,区分所有管理の典型誤答
mistakes.csv,mistakes.csv,similar,0.900,s37-kon-kubun-shoyu,s43-kon-kubun-kanri,,区分所有の典型誤答,区分所有管理の典型誤答
mistakes.csv,mistakes.csv,similar,0.900,s37-kon-kubun-shoyu,s44-kon-kubun-kanri,,区分所有の典型誤答,区分所有管理の典型誤答
mistakes.csv,mistakes.csv,exact,1.000,s37-kon-toshikeikaku,s38-kon-toshikeikaku,都市計画の典型誤答,,
mistakes.csv,mistakes.csv,exact,1.000,s37-kon-toshikeikaku,s39-kon-toshikeikaku,都市計画の典型誤答,,
mistakes.csv,mistakes.csv,similar,0.947,s37-kon-toshikeikaku,s40-kon-toshi-hou,,都市計画の典型誤答,都市計画法の典型誤答
mistakes.csv,mistakes.csv,similar,0.947,s37-kon-toshikeikaku,s41-kon-toshi-hou,,都市計画の典型誤答,都市計画法の典型誤答
mistakes.csv,mistakes.csv,similar,0.947,s37-kon-toshikeikaku,s42-kon-toshi-hou,,都市計画の典型誤答,都市計画法の典型誤答
mistakes.csv,mistakes.csv,similar,0.947,s37-kon-toshikeikaku,s43-kon-toshi-hou,,都市計画の典型誤答,都市計画法の典型誤答
mistakes.csv,mistakes.csv,similar,0.947,s37-kon-toshikeikaku,s44-kon-toshi-hou,,都市計画の典型誤答,都市計画法の典型誤答
mistakes.csv,mistakes.csv,exact,1.000,s37-kon-touki,s38-kon-touki,登記の典型誤答,,
mistakes.csv,mistakes.csv,exact,1.000,s37-kon-touki,s39-kon-touki,登記の典型誤答,,
mistakes.csv,mistakes.csv,exact,1.000,s37-kon-keiyaku-futekigou,s38-kon-keiyaku-futekigou,契約不適合の典型誤答,,
mistakes.csv,mistakes.csv,exact,1.000,s37-kon-keiyaku-futekigou,s39-kon-keiyaku-futekigou,契約不適合の典型誤答,,
mistakes.csv,mistakes.csv,similar,0.909,s37-kon-keiyaku-futekigou,s40-kon-keiyaku-sekinin,,契約不適合の典型誤答,契約不適合責任の典型誤答
mistakes.csv,mistakes.csv,similar,0.909,s37-kon-keiyaku-futekigou,s41-kon-keiyaku-sekinin,,契約不適合の典型誤答,契約不適合責任の典型誤答
mistakes.csv,mistakes.csv,similar,0.909,s37-kon-keiyaku-futekigou,s42-kon-keiyaku-sekinin,,契約不適合の典型誤答,契約不適合責任の典型誤答
mistakes.csv,mistakes.csv,similar,0.909,s37-kon-keiyaku-futekigou,s43-kon-keiyaku-sekinin,,契約不適合の典型誤答,契約不適合責任の典型誤答
mistakes.csv,mistakes.csv,similar,0.909,s37-kon-keiyaku-futekigou,s44-kon-keiyaku-sekinin,,契約不適合の典型誤答,契約不適合責任の典型誤答
mistakes.csv,mistakes.csv,exact,1.000,s37-kon-tetsuki,s38-kon-tetsuki,手付金の典型誤答,,
mistakes.csv,mistakes.csv,exact,1.000,s37-kon-tetsuki,s39-kon-tetsuki,手付金の典型誤答,,
mistakes.csv,mistakes.csv,exact,1.000,s37-kon-shiken-taisaku,s38-kon-shiken-taisaku,試験対策の典型誤答,,
mistakes.csv,mistakes.csv,exact,1.000,s37-kon-shiken-taisaku,s39-kon-shiken-taisaku,試験対策の典型誤答,,
mistakes.csv,mistakes.csv,exact,1.000,s38-kon-takken-kaisei,s39-kon-takken-kaisei,宅建業法改正の典型誤答,,
mistakes.csv,mistakes.csv,exact,1.000,s38-kon-ju35-ju37,s39-kon-ju35-ju37,35条37条深掘りの典型誤答,,
mistakes.csv,mistakes.csv,exact,1.000,s38-kon-baikai-houshuu,s39-kon-baikai-houshuu,媒介報酬の典型誤答,,
mistakes.csv,mistakes.csv,exact,1.000,s38-kon-shakuchi-shakuya,s39-kon-shakuchi-shakuya,借地借家の典型誤答,,
mistakes.csv,mistakes.csv,similar,0.900,s38-kon-shakuchi-shakuya,s40-kon-shakuchi-sogo,,借地借家の典型誤答,借地借家総合の典型誤答
mistakes.csv,mistakes.csv,similar,0.900,s38-kon-shakuchi-shakuya,s41-kon-shakuchi-sogo,,借地借家の典型誤答,借地借家総合の典型誤答
mistakes.csv,mistakes.csv,similar,0.900,s38-kon-shakuchi-shakuya,s42-kon-shakuchi-sogo,,借地借家の典型誤答,借地借家総合の典型誤答
mistakes.csv,mistakes.csv,similar,0.900,s38-kon-shakuchi-shakuya,s43-kon-shakuchi-sogo,,借地借家の典型誤答,借地借家総合の典型誤答
mistakes.csv,mistakes.csv,similar,0.900,s38-kon-shakuchi-shakuya,s44-kon-shakuchi-sogo,,借地借家の典型誤答,借地借家総合の典型誤答
mistakes.csv,mistakes.csv,exact,1.000,s38-kon-kubun-shoyu,s39-kon-kubun-shoyu,区分所有の典型誤答,,
mistakes.csv,mistakes.csv,similar,0.900,s38-kon-kubun-shoyu,s40-kon-kubun-kanri,,区分所有の典型誤答,区分所有管理の典型誤答
mistakes.csv,mistakes.csv,similar,0.900,s38-kon-kubun-shoyu,s41-kon-kubun-kanri,,区分所有の典型誤答,区分所有管理の典型誤答
mistakes.csv,mistakes.csv,similar,0.900,s38-kon-kubun-shoyu,s42-kon-kubun-kanri,,区分所有の典型誤答,区分所有管理の典型誤答
mistakes.csv,mistakes.csv,similar,0.900,s38-kon-kubun-shoyu,s43-kon-kubun-kanri,,区分所有の典型誤答,区分所有管理の典型誤答
mistakes.csv,mistakes.csv,similar,0.900,s38-kon-kubun-shoyu,s44-kon-kubun-kanri,,区分所有の典型誤答,区分所有管理の典型誤答
mistakes.csv,mistakes.csv,exact,1.000,s38-kon-toshikeikaku,s39-kon-toshikeikaku,都市計画の典型誤答,,
mistakes.csv,mistakes.csv,similar,0.947,s38-kon-toshikeikaku,s40-kon-toshi-hou,,都市計画の典型誤答,都市計画法の典型誤答
mistakes.csv,mistakes.csv,similar,0.947,s38-kon-toshikeikaku,s41-kon-toshi-hou,,都市計画の典型誤答,都市計画法の典型誤答
mistakes.csv,mistakes.csv,similar,0.947,s38-kon-toshikeikaku,s42-kon-toshi-hou,,都市計画の典型誤答,都市計画法の典型誤答
mistakes.csv,mistakes.csv,similar,0.947,s38-kon-toshikeikaku,s43-kon-toshi-hou,,都市計画の典型誤答,都市計画法の典型誤答
mistakes.csv,mistakes.csv,similar,0.947,s38-kon-toshikeikaku,s44-kon-toshi-hou,,都市計画の典型誤答,都市計画法の典型誤答
mistakes.csv,mistakes.csv,exact,1.000,s38-kon-touki,s39-kon-touki,登記の典型誤答,,
mistakes.csv,mistakes.csv,exact,1.000,s38-kon-keiyaku-futekigou,s39-kon-keiyaku-futekigou,契約不適合の典型誤答,,
mistakes.csv,mistakes.csv,similar,0.909,s38-kon-keiyaku-futekigou,s40-kon-keiyaku-sekinin,,契約不適合の典型誤答,契約不適合責任の典型誤答
mistakes.csv,mistakes.csv,similar,0.909,s38-kon-keiyaku-futekigou,s41-kon-keiyaku-sekinin,,契約不適合の典型誤答,契約不適合責任の典型誤答
mistakes.csv,mistakes.csv,similar,0.909,s38-kon-keiyaku-futekigou,s42-kon-keiyaku-sekinin,,契約不適合の典型誤答,契約不適合責任の典型誤答
mistakes.csv,mistakes.csv,similar,0.909,s38-kon-keiyaku-futekigou,s43-kon-keiyaku-sekinin,,契約不適合の典型誤答,契約不適合責任の典型誤答
mistakes.csv,mistakes.csv,similar,0.909,s38-kon-keiyaku-futekigou,s44-kon-keiyaku-sekinin,,契約不適合の典型誤答,契約不適合責任の典型誤答
mistakes.csv,mistakes.csv,exact,1.000,s38-kon-tetsuki,s39-kon-tetsuki,手付金の典型誤答,,
mistakes.csv,mistakes.csv,exact,1.000,s38-kon-shiken-taisaku,s39-kon-shiken-taisaku,試験対策の典型誤答,,
mistakes.csv,mistakes.csv,similar,0.900,s39-kon-shakuchi-shakuya,s40-kon-shakuchi-sogo,,借地借家の典型誤答,借地借家総合の典型誤答
mistakes.csv,mistakes.csv,similar,0.900,s39-kon-shakuchi-shakuya,s41-kon-shakuchi-sogo,,借地借家の典型誤答,借地借家総合の典型誤答
mistakes.csv,mistakes.csv,similar,0.900,s39-kon-shakuchi-shakuya,s42-kon-shakuchi-sogo,,借地借家の典型誤答,借地借家総合の典型誤答
mistakes.csv,mistakes.csv,similar,0.900,s39-kon-shakuchi-shakuya,s43-kon-shakuchi-sogo,,借地借家の典型誤答,借地借家総合の典型誤答
mistakes.csv,mistakes.csv,similar,0.900,s39-kon-shakuchi-shakuya,s44-kon-shakuchi-sogo,,借地借家の典型誤答,借地借家総合の典型誤答
mistakes.csv,mistakes.csv,similar,0.900,s39-kon-kubun-shoyu,s40-kon-kubun-kanri,,区分所有の典型誤答,区分所有管理の典型誤答
mistakes.csv,mistakes.csv,similar,0.900,s39-kon-kubun-shoyu,s41-kon-kubun-kanri,,区分所有の典型誤答,区分所有管理の典型誤答
mistakes.csv,mistakes.csv,similar,0.900,s39-kon-kubun-shoyu,s42-kon-kubun-kanri,,区分所有の典型誤答,区分所有管理の典型誤答
mistakes.csv,mistakes.csv,similar,0.900,s39-kon-kubun-shoyu,s43-kon-kubun-kanri,,区分所有の典型誤答,区分所有管理の典型誤答
mistakes.csv,mistakes.csv,similar,0.900,s39-kon-kubun-shoyu,s44-kon-kubun-kanri,,区分所有の典型誤答,区分所有管理の典型誤答
mistakes.csv,mistakes.csv,similar,0.947,s39-kon-toshikeikaku,s40-kon-toshi-hou,,都市計画の典型誤答,都市計画法の典型誤答
mistakes.csv,mistakes.csv,similar,0.947,s39-kon-toshikeikaku,s41-kon-toshi-hou,,都市計画の典型誤答,都市計画法の典型誤答
mistakes.csv,mistakes.csv,similar,0.947,s39-kon-toshikeikaku,s42-kon-toshi-hou,,都市計画の典型誤答,都市計画法の典型誤答
mistakes.csv,mistakes.csv,similar,0.947,s39-kon-toshikeikaku,s43-kon-toshi-hou,,都市計画の典型誤答,都市計画法の典型誤答
mistakes.csv,mistakes.csv,similar,0.947,s39-kon-toshikeikaku,s44-kon-toshi-hou,,都市計画の典型誤答,都市計画法の典型誤答
mistakes.csv,mistakes.csv,similar,0.909,s39-kon-keiyaku-futekigou,s40-kon-keiyaku-sekinin,,契約不適合の典型誤答,契約不適合責任の典型誤答
mistakes.csv,mistakes.csv,similar,0.909,s39-kon-keiyaku-futekigou,s41-kon-keiyaku-sekinin,,契約不適合の典型誤答,契約不適合責任の典型誤答
mistakes.csv,mistakes.csv,similar,0.909,s39-kon-keiyaku-futekigou,s42-kon-keiyaku-sekinin,,契約不適合の典型誤答,契約不適合責任の典型誤答
mistakes.csv,mistakes.csv,similar,0.909,s39-kon-keiyaku-futekigou,s43-kon-keiyaku-sekinin,,契約不適合の典型誤答,契約不適合責任の典型誤答
mistakes.csv,mistakes.csv,similar,0.909,s39-kon-keiyaku-futekigou,s44-kon-keiyaku-sekinin,,契約不適合の典型誤答,契約不適合責任の典型誤答
mistakes.csv,mistakes.csv,exact,1.000,s40-kon-takken-chokuzen,s41-kon-takken-chokuzen,宅建士試験直前の典型誤答,,
mistakes.csv,mistakes.csv,exact,1.000,s40-kon-takken-chokuzen,s42-kon-takken-chokuzen,宅建士試験直前の典型誤答,,
mistakes.csv,mistakes.csv,exact,1.000,s40-kon-takken-chokuzen,s43-kon-takken-chokuzen,宅建士試験直前の典型誤答,,
mistakes.csv,mistakes.csv,exact,1.000,s40-kon-takken-chokuzen,s44-kon-takken-chokuzen,宅建士試験直前の典型誤答,,
mistakes.csv,mistakes.csv,exact,1.000,s40-kon-ju3537-shiage,s41-kon-ju3537-shiage,35条37条総仕上げの典型誤答,,
mistakes.csv,mistakes.csv,exact,1.000,s40-kon-ju3537-shiage,s42-kon-ju3537-shiage,35条37条総仕上げの典型誤答,,
mistakes.csv,mistakes.csv,exact,1.000,s40-kon-ju3537-shiage,s43-kon-ju3537-shiage,35条37条総仕上げの典型誤答,,
mistakes.csv,mistakes.csv,exact,1.000,s40-kon-ju3537-shiage,s44-kon-ju3537-shiage,35条37条総仕上げの典型誤答,,
mistakes.csv,mistakes.csv,exact,1.000,s40-kon-houshu-jogen,s41-kon-houshu-jogen,報酬上限計算の典型誤答,,
mistakes.csv,mistakes.csv,exact,1.000,s40-kon-houshu-jogen,s42-kon-houshu-jogen,報酬上限計算の典型誤答,,
mistakes.csv,mistakes.csv,exact,1.000,s40-kon-houshu-jogen,s43-kon-houshu-jogen,報酬上限計算の典型誤答,,
mistakes.csv,mistakes.csv,exact,1.000,s40-kon-houshu-jogen,s44-kon-houshu-jogen,報酬上限計算の典型誤答,,
mistakes.csv,mistakes.csv,exact,1.000,s40-kon-shakuchi-sogo,s41-kon-shakuchi-sogo,借地借家総合の典型誤答,,
mistakes.csv,mistakes.csv,exact,1.000,s40-kon-shakuchi-sogo,s42-kon-shakuchi-sogo,借地借家総合の典型誤答,,
mistakes.csv,mistakes.csv,exact,1.000,s40-kon-shakuchi-sogo,s43-kon-shakuchi-sogo,借地借家総合の典型誤答,,
mistakes.csv,mistakes.csv,exact,1.000,s40-kon-shakuchi-sogo,s44-kon-shakuchi-sogo,借地借家総合の典型誤答,,
mistakes.csv,mistakes.csv,exact,1.000,s40-kon-kubun-kanri,s41-kon-kubun-kanri,区分所有管理の典型誤答,,
mistakes.csv,mistakes.csv,exact,1.000,s40-kon-kubun-kanri,s42-kon-kubun-kanri,区分所有管理の典型誤答,,
mistakes.csv,mistakes.csv,exact,1.000,s40-kon-kubun-kanri,s43-kon-kubun-kanri,区分所有管理の典型誤答,,
mistakes.csv,mistakes.csv,exact,1.000,s40-kon-kubun-kanri,s44-kon-kubun-kanri,区分所有管理の典型誤答,,
mistakes.csv,mistakes.csv,exact,1.000,s40-kon-toshi-hou,s41-kon-toshi-hou,都市計画法の典型誤答,,
mistakes.csv,mistakes.csv,exact,1.000,s40-kon-toshi-hou,s42-kon-toshi-hou,都市計画法の典型誤答,,
mistakes.csv,mistakes.csv,exact,1.000,s40-kon-toshi-hou,s43-kon-toshi-hou,都市計画法の典型誤答,,
mistakes.csv,mistakes.csv,exact,1.000,s40-kon-toshi-hou,s44-kon-toshi-hou,都市計画法の典型誤答,,
mistakes.csv,mistakes.csv,exact,1.000,s40-kon-touki-kenri,s41-kon-touki-kenri,登記・権利の典型誤答,,
mistakes.csv,mistakes.csv,exact,1.000,s40-kon-touki-kenri,s42-kon-touki-kenri,登記・権利の典型誤答,,
mistakes.csv,mistakes.csv,exact,1.000,s40-kon-touki-kenri,s43-kon-touki-kenri,登記・権利の典型誤答,,
mistakes.csv,mistakes.csv,exact,1.000,s40-kon-touki-kenri,s44-kon-touki-kenri,登記・権利の典型誤答,,
mistakes.csv,mistakes.csv,exact,1.000,s40-kon-keiyaku-sekinin,s41-kon-keiyaku-sekinin,契約不適合責任の典型誤答,,
mistakes.csv,mistakes.csv,exact,1.000,s40-kon-keiyaku-sekinin,s42-kon-keiyaku-sekinin,契約不適合責任の典型誤答,,
mistakes.csv,mistakes.csv,exact,1.000,s40-kon-keiyaku-sekinin,s43-kon-keiyaku-sekinin,契約不適合責任の典型誤答,,
mistakes.csv,mistakes.csv,exact,1.000,s40-kon-keiyaku-sekinin,s44-kon-keiyaku-sekinin,契約不適合責任の典型誤答,,
mistakes.csv,mistakes.csv,exact,1.000,s40-kon-cooling-off,s41-kon-cooling-off,クーリングオフの典型誤答,,
mistakes.csv,mistakes.csv,exact,1.000,s40-kon-cooling-off,s42-kon-cooling-off,クーリングオフの典型誤答,,
mistakes.csv,mistakes.csv,exact,1.000,s40-kon-cooling-off,s43-kon-cooling-off,クーリングオフの典型誤答,,
mistakes.csv,mistakes.csv,exact,1.000,s40-kon-cooling-off,s44-kon-cooling-off,クーリングオフの典型誤答,,
mistakes.csv,mistakes.csv,exact,1.000,s40-kon-jusetsu-tsuika,s41-kon-jusetsu-tsuika,重要事項追加の典型誤答,,
mistakes.csv,mistakes.csv,exact,1.000,s40-kon-jusetsu-tsuika,s42-kon-jusetsu-tsuika,重要事項追加の典型誤答,,
mistakes.csv,mistakes.csv,exact,1.000,s40-kon-jusetsu-tsuika,s43-kon-jusetsu-tsuika,重要事項追加の典型誤答,,
mistakes.csv,mistakes.csv,exact,1.000,s40-kon-jusetsu-tsuika,s44-kon-jusetsu-tsuika,重要事項追加の典型誤答,,
mistakes.csv,mistakes.csv,exact,1.000,s41-kon-takken-chokuzen,s42-kon-takken-chokuzen,宅建士試験直前の典型誤答,,
mistakes.csv,mistakes.csv,exact,1.000,s41-kon-takken-chokuzen,s43-kon-takken-chokuzen,宅建士試験直前の典型誤答,,
mistakes.csv,mistakes.csv,exact,1.000,s41-kon-takken-chokuzen,s44-kon-takken-chokuzen,宅建士試験直前の典型誤答,,
mistakes.csv,mistakes.csv,exact,1.000,s41-kon-ju3537-shiage,s42-kon-ju3537-shiage,35条37条総仕上げの典型誤答,,
mistakes.csv,mistakes.csv,exact,1.000,s41-kon-ju3537-shiage,s43-kon-ju3537-shiage,35条37条総仕上げの典型誤答,,
mistakes.csv,mistakes.csv,exact,1.000,s41-kon-ju3537-shiage,s44-kon-ju3537-shiage,35条37条総仕上げの典型誤答,,
mistakes.csv,mistakes.csv,exact,1.000,s41-kon-houshu-jogen,s42-kon-houshu-jogen,報酬上限計算の典型誤答,,
mistakes.csv,mistakes.csv,exact,1.000,s41-kon-houshu-jogen,s43-kon-houshu-jogen,報酬上限計算の典型誤答,,
mistakes.csv,mistakes.csv,exact,1.000,s41-kon-houshu-jogen,s44-kon-houshu-jogen,報酬上限計算の典型誤答,,
mistakes.csv,mistakes.csv,exact,1.000,s41-kon-shakuchi-sogo,s42-kon-shakuchi-sogo,借地借家総合の典型誤答,,
mistakes.csv,mistakes.csv,exact,1.000,s41-kon-shakuchi-sogo,s43-kon-shakuchi-sogo,借地借家総合の典型誤答,,
mistakes.csv,mistakes.csv,exact,1.000,s41-kon-shakuchi-sogo,s44-kon-shakuchi-sogo,借地借家総合の典型誤答,,
mistakes.csv,mistakes.csv,exact,1.000,s41-kon-kubun-kanri,s42-kon-kubun-kanri,区分所有管理の典型誤答,,
mistakes.csv,mistakes.csv,exact,1.000,s41-kon-kubun-kanri,s43-kon-kubun-kanri,区分所有管理の典型誤答,,
mistakes.csv,mistakes.csv,exact,1.000,s41-kon-kubun-kanri,s44-kon-kubun-kanri,区分所有管理の典型誤答,,
mistakes.csv,mistakes.csv,exact,1.000,s41-kon-toshi-hou,s42-kon-toshi-hou,都市計画法の典型誤答,,
mistakes.csv,mistakes.csv,exact,1.000,s41-kon-toshi-hou,s43-kon-toshi-hou,都市計画法の典型誤答,,
mistakes.csv,mistakes.csv,exact,1.000,s41-kon-toshi-hou,s44-kon-toshi-hou,都市計画法の典型誤答,,
mistakes.csv,mistakes.csv,exact,1.000,s41-kon-touki-kenri,s42-kon-touki-kenri,登記・権利の典型誤答,,
mistakes.csv,mistakes.csv,exact,1.000,s41-kon-touki-kenri,s43-kon-touki-kenri,登記・権利の典型誤答,,
mistakes.csv,mistakes.csv,exact,1.000,s41-kon-touki-kenri,s44-kon-touki-kenri,登記・権利の典型誤答,,
mistakes.csv,mistakes.csv,exact,1.000,s41-kon-keiyaku-sekinin,s42-kon-keiyaku-sekinin,契約不適合責任の典型誤答,,
mistakes.csv,mistakes.csv,exact,1.000,s41-kon-keiyaku-sekinin,s43-kon-keiyaku-sekinin,契約不適合責任の典型誤答,,
mistakes.csv,mistakes.csv,exact,1.000,s41-kon-keiyaku-sekinin,s44-kon-keiyaku-sekinin,契約不適合責任の典型誤答,,
mistakes.csv,mistakes.csv,exact,1.000,s41-kon-cooling-off,s42-kon-cooling-off,クーリングオフの典型誤答,,
mistakes.csv,mistakes.csv,exact,1.000,s41-kon-cooling-off,s43-kon-cooling-off,クーリングオフの典型誤答,,
mistakes.csv,mistakes.csv,exact,1.000,s41-kon-cooling-off,s44-kon-cooling-off,クーリングオフの典型誤答,,
mistakes.csv,mistakes.csv,exact,1.000,s41-kon-jusetsu-tsuika,s42-kon-jusetsu-tsuika,重要事項追加の典型誤答,,
mistakes.csv,mistakes.csv,exact,1.000,s41-kon-jusetsu-tsuika,s43-kon-jusetsu-tsuika,重要事項追加の典型誤答,,
mistakes.csv,mistakes.csv,exact,1.000,s41-kon-jusetsu-tsuika,s44-kon-jusetsu-tsuika,重要事項追加の典型誤答,,
mistakes.csv,mistakes.csv,exact,1.000,s42-kon-takken-chokuzen,s43-kon-takken-chokuzen,宅建士試験直前の典型誤答,,
mistakes.csv,mistakes.csv,exact,1.000,s42-kon-takken-chokuzen,s44-kon-takken-chokuzen,宅建士試験直前の典型誤答,,
mistakes.csv,mistakes.csv,exact,1.000,s42-kon-ju3537-shiage,s43-kon-ju3537-shiage,35条37条総仕上げの典型誤答,,
mistakes.csv,mistakes.csv,exact,1.000,s42-kon-ju3537-shiage,s44-kon-ju3537-shiage,35条37条総仕上げの典型誤答,,
mistakes.csv,mistakes.csv,exact,1.000,s42-kon-houshu-jogen,s43-kon-houshu-jogen,報酬上限計算の典型誤答,,
mistakes.csv,mistakes.csv,exact,1.000,s42-kon-houshu-jogen,s44-kon-houshu-jogen,報酬上限計算の典型誤答,,
mistakes.csv,mistakes.csv,exact,1.000,s42-kon-shakuchi-sogo,s43-kon-shakuchi-sogo,借地借家総合の典型誤答,,
mistakes.csv,mistakes.csv,exact,1.000,s42-kon-shakuchi-sogo,s44-kon-shakuchi-sogo,借地借家総合の典型誤答,,
mistakes.csv,mistakes.csv,exact,1.000,s42-kon-kubun-kanri,s43-kon-kubun-kanri,区分所有管理の典型誤答,,
mistakes.csv,mistakes.csv,exact,1.000,s42-kon-kubun-kanri,s44-kon-kubun-kanri,区分所有管理の典型誤答,,
mistakes.csv,mistakes.csv,exact,1.000,s42-kon-toshi-hou,s43-kon-toshi-hou,都市計画法の典型誤答,,
mistakes.csv,mistakes.csv,exact,1.000,s42-kon-toshi-hou,s44-kon-toshi-hou,都市計画法の典型誤答,,
mistakes.csv,mistakes.csv,exact,1.000,s42-kon-touki-kenri,s43-kon-touki-kenri,登記・権利の典型誤答,,
mistakes.csv,mistakes.csv,exact,1.000,s42-kon-touki-kenri,s44-kon-touki-kenri,登記・権利の典型誤答,,
mistakes.csv,mistakes.csv,exact,1.000,s42-kon-keiyaku-sekinin,s43-kon-keiyaku-sekinin,契約不適合責任の典型誤答,,
mistakes.csv,mistakes.csv,exact,1.000,s42-kon-keiyaku-sekinin,s44-kon-keiyaku-sekinin,契約不適合責任の典型誤答,,
mistakes.csv,mistakes.csv,exact,1.000,s42-kon-cooling-off,s43-kon-cooling-off,クーリングオフの典型誤答,,
mistakes.csv,mistakes.csv,exact,1.000,s42-kon-cooling-off,s44-kon-cooling-off,クーリングオフの典型誤答,,
mistakes.csv,mistakes.csv,exact,1.000,s42-kon-jusetsu-tsuika,s43-kon-jusetsu-tsuika,重要事項追加の典型誤答,,
mistakes.csv,mistakes.csv,exact,1.000,s42-kon-jusetsu-tsuika,s44-kon-jusetsu-tsuika,重要事項追加の典型誤答,,
mistakes.csv,mistakes.csv,exact,1.000,s43-kon-takken-chokuzen,s44-kon-takken-chokuzen,宅建士試験直前の典型誤答,,
mistakes.csv,mistakes.csv,exact,1.000,s43-kon-ju3537-shiage,s44-kon-ju3537-shiage,35条37条総仕上げの典型誤答,,
mistakes.csv,mistakes.csv,exact,1.000,s43-kon-houshu-jogen,s44-kon-houshu-jogen,報酬上限計算の典型誤答,,
mistakes.csv,mistakes.csv,exact,1.000,s43-kon-shakuchi-sogo,s44-kon-shakuchi-sogo,借地借家総合の典型誤答,,
mistakes.csv,mistakes.csv,exact,1.000,s43-kon-kubun-kanri,s44-kon-kubun-kanri,区分所有管理の典型誤答,,
mistakes.csv,mistakes.csv,exact,1.000,s43-kon-toshi-hou,s44-kon-toshi-hou,都市計画法の典型誤答,,
mistakes.csv,mistakes.csv,exact,1.000,s43-kon-touki-kenri,s44-kon-touki-kenri,登記・権利の典型誤答,,
mistakes.csv,mistakes.csv,exact,1.000,s43-kon-keiyaku-sekinin,s44-kon-keiyaku-sekinin,契約不適合責任の典型誤答,,
mistakes.csv,mistakes.csv,exact,1.000,s43-kon-cooling-off,s44-kon-cooling-off,クーリングオフの典型誤答,,
mistakes.csv,mistakes.csv,exact,1.000,s43-kon-jusetsu-tsuika,s44-kon-jusetsu-tsuika,重要事項追加の典型誤答,,
