legacy_kind,legacy_slug,target_url
terms_readable,37jo,/terms/g-1ccd4b5f7c94e464.html
terms_readable,akiya-toriatsukai,/terms/g-adecaae2464c77e6.html
terms_readable,akuden-kisei,/terms/g-a9dcea3f192d9d09.html
terms_readable,annaisho-todoke,/terms/g-93ffac8913df957f.html
terms_readable,baibai-keiyaku,/terms/g-499d0b5c6d761e00.html
terms_readable,baikai,/terms/g-775c4a88033e001d.html
terms_readable,baikai-compare,/terms/g-775c4a88033e001d.html
terms_readable,baikai-genba-setumei,/terms/g-ee758f2cd2c4551c.html
terms_readable,baikai-keiyaku-shuryou,/terms/g-028752dfab7083d2.html
terms_readable,baikai-keiyakusho,/terms/g-e01e08e2d0fba21a.html
terms_readable,baikyaku-daikin,/terms/g-4d4edfc770c2cdd0.html
terms_readable,benkyo,/terms/g-db8529c3c5474880.html
terms_readable,bensai-sousai,/terms/g-105fe1a154b0a603.html
terms_readable,bouka-yoto,/terms/g-ebd563c4759de9a2.html
terms_readable,bukken-hendo,/terms/g-f95e7018644a9ea5.html
terms_readable,bukken-saiken,/terms/g-c3e382438026d333.html
terms_readable,bukkenteki-seikyu,/terms/g-ad8b77dacb232155.html
terms_readable,bunkazai-chiku,/terms/g-91f19dbdee83df9c.html
terms_readable,bunri-kazei,/terms/g-c9ef86f373683985.html
terms_readable,butsujo-daii,/terms/g-9e43aeb029399f76.html
terms_readable,butsujo-hosho,/terms/g-128c9f86ee07c5a6.html
terms_readable,butteki-tanpo,/terms/g-9caf4bd5925d3d13.html
terms_readable,chijo-chiekiken,/terms/g-1c0a28bfdb848d3e.html
terms_readable,chika-koji,/terms/g-94a42d21102b4095.html
terms_readable,chiku-keikaku,/terms/g-712f66f0115111e0.html
terms_readable,chingo-zougengaku,/terms/g-1fa4d852dac549af.html
terms_readable,chinhoushou-nintei,/terms/g-f79a273fcd628ca1.html
terms_readable,chinryo-zogen,/terms/g-1fa4d852dac549af.html
terms_readable,chintaiborrow,/terms/g-8edf970e104636dd.html
terms_readable,chokuzen-taisaku,/terms/g-0d96baad35eb6b9c.html
terms_readable,chukai-tesuryo,/terms/g-20a017f8c7410bb2.html
terms_readable,cooling,/terms/g-97036155608da694.html
terms_readable,daikibo-shuzen,/terms/g-17ea22301a418a72.html
terms_readable,dairi,/terms/g-63d6564a188e7845.html
terms_readable,daisansha-bensai,/terms/g-6bb5e7630d42acad.html
terms_readable,danteiteki-handan,/terms/g-275d96638f66c804.html
terms_readable,denshi-kofu,/terms/g-f4a3aaf115ad9587.html
terms_readable,dosya-saigai,/terms/g-d5de10b7a76ae966.html
terms_readable,douji-riko,/terms/g-ba4f3bf83f7d588a.html
terms_readable,douro-ichi-shitei,/terms/g-d5684005873b0571.html
terms_readable,douro-teigi,/terms/g-d18c375b9cadf6f4.html
terms_readable,fuchi-chiku,/terms/g-e73d88e236e1a5f7.html
terms_readable,fudosan-shotoku,/terms/g-bee7645f107d8ada.html
terms_readable,fudosan-shutoku-kazei-hyojun,/terms/g-ec1ec9ea6218856a.html
terms_readable,fudosan-shutoku-menzeiten,/terms/g-1d2cf89b75e5058d.html
terms_readable,fudosan-toshi-zeikin,/terms/g-cf0ddbcc77042df9.html
terms_readable,fudosantax,/terms/g-979d850e345a1b0b.html
terms_readable,fuhoto,/terms/g-8b30595409e33e29.html
terms_readable,fujitsu-kokuchi,/terms/g-7d745d2ada533327.html
terms_readable,futekigo,/terms/g-a996a80afb6413d5.html
terms_readable,futekigo-tokuyaku-seigen,/terms/g-1d14b8b4ffecb1b0.html
terms_readable,gaisan-shutokuhi,/terms/g-d5a383bfc1b700ff.html
terms_readable,genjo-kaifuku,/terms/g-3ee2d187ff6083f6.html
terms_readable,genka-shokyaku,/terms/g-4a2c21f836cb5eca.html
terms_readable,gentei-shonin,/terms/g-382bae82b007c76d.html
terms_readable,gomen-menjo,/terms/g-a2140bfec8293f35.html
terms_readable,goukaku,/terms/g-c742c5a581ef9aa9.html
terms_readable,gyomujoh-kisei,/terms/g-ff5c8ae7ffa09d30.html
terms_readable,haigusha-kyojuken,/terms/g-ffcc22df05f97f29.html
terms_readable,haigyo-todoke,/terms/g-64cc4bfff4e14489.html
terms_readable,hasshu-seigen,/terms/g-776e3f53e6ec7210.html
terms_readable,himitsu-hoji,/terms/g-4b741db25ee5908b.html
terms_readable,hinshitsu-kakuho,/terms/g-0cf3ceb68263119f.html
terms_readable,hisen-yuki-kuiki,/terms/g-e289bbc9a47d36ab.html
terms_readable,hon-toki,/terms/g-54019a95cc638792.html
terms_readable,hosho,/terms/g-9e10e051c347f03f.html
terms_readable,hosho-debt,/terms/g-1a3be95365a07efb.html
terms_readable,hoshokyo-shosai,/terms/g-3b69b3743a7d0641.html
terms_readable,hoshu,/terms/g-e0c8d4e06b88f14b.html
terms_readable,hoshu-keiji,/terms/g-9e4d9bed910d1a27.html
terms_readable,hoteichijoken,/terms/g-5dd9f677ce87b3fe.html
terms_readable,houtei-koshin,/terms/g-ff7a70d4a8f0f6fa.html
terms_readable,houteikoushin,/terms/g-ff7a70d4a8f0f6fa.html
terms_readable,hyogen-dairi,/terms/g-e170c5176f731cc2.html
terms_readable,hyoshiki-keiji,/terms/g-c167bc6879df2290.html
terms_readable,ijou-kenchiku,/terms/g-bad04911897ff5c9.html
terms_readable,inochi-ken,/terms/g-869de3e6e2b22751.html
terms_readable,inshi,/terms/g-7a6d39beb37bcde7.html
terms_readable,inshi-kazei-bunsho,/terms/g-32a1926291c5c459.html
terms_readable,inshi-nofu,/terms/g-1a63cc3595776541.html
terms_readable,insonkin,/terms/g-2832b27df0427228.html
terms_readable,ippan-baikai,/terms/g-c306c4d3151d40a8.html
terms_readable,iryuubun,/terms/g-957722060e8ed335.html
terms_readable,isan-bunkatsu,/terms/g-22d04a835127e40f.html
terms_readable,ishihyoji,/terms/g-2c8ff23efb1a0ac1.html
terms_readable,it-jusetsu,/terms/g-7e0163fccbd0c86a.html
terms_readable,it-jusetsu-yoken,/terms/g-2e0bd6f883c19cb6.html
terms_readable,iyaku-kin,/terms/g-76af604c232c0b96.html
terms_readable,jiko,/terms/g-e9e304462b51df36.html
terms_readable,jiko-jiko-dairi,/terms/g-d72889ed8d30847a.html
terms_readable,jiko-syoyu,/terms/g-4bbd16cbcd0e3534.html
terms_readable,jimusho-hani,/terms/g-3350472981e692ce.html
terms_readable,jimusho-yoken,/terms/g-4639ed7d7d1102dd.html
terms_readable,jinteki-tanpo,/terms/g-76df719c03db54c1.html
terms_readable,johiki-kikan,/terms/g-8e50e18ee5355893.html
terms_readable,joken-kigen,/terms/g-a399f70595e662f6.html
terms_readable,joto,/terms/g-5f833eca18b46742.html
terms_readable,joto-choki-tanki,/terms/g-f00c341c1562d78e.html
terms_readable,joto-hiyo,/terms/g-ed925746be6e0698.html
terms_readable,joto-tanpo,/terms/g-746ee5a6163feeb9.html
terms_readable,jugyosha-meibo,/terms/g-281874d945ac4cec.html
terms_readable,jun-taika-kenchikubutsu,/terms/g-4caea5e8402a79c2.html
terms_readable,junkentoshi-keikaku,/terms/g-c8774199fcae4184.html
terms_readable,jusetsu,/terms/g-12538c772f9b4d73.html
terms_readable,jutaku-loan-gensen,/terms/g-17f1c6a5027a9ce3.html
terms_readable,jutaku-zouyo,/terms/g-f755026f4bfbc649.html
terms_readable,juutaku-seisan-kuiki,/terms/g-8d27e6611c107336.html
terms_readable,juuyou-fukokuchi,/terms/g-8d72cbc9daeaa863.html
terms_readable,juuyou-jikou-hani,/terms/g-b40132bde577eb79.html
terms_readable,kaihatsu,/terms/g-fe7ec8f7344d3ffd.html
terms_readable,kaihatsu-henko,/terms/g-438c85b4fa0cb6ec.html
terms_readable,kaihatsu-kakunin,/terms/g-22994b12a4979776.html
terms_readable,kaihatsu-kanryou-kensa,/terms/g-a8711ae10485b2e5.html
terms_readable,kaihatsu-kyoka-fuyo,/terms/g-e364ef1473668195.html
terms_readable,kaijo-seigen,/terms/g-e96ea9181bd425f9.html
terms_readable,kaikae-tokubetsu,/terms/g-82bc5192faf074fa.html
terms_readable,kaimodshi,/terms/g-89d272b5356ef315.html
terms_readable,kajitsu,/terms/g-2502f2e42382e255.html
terms_readable,kanri-itaku-keiyaku,/terms/g-fc9f14a93a3f9187.html
terms_readable,kanryou-kensa,/terms/g-deefcfacb1c42a59.html
terms_readable,kantoktosho,/terms/g-83f5bc9ab9e78bca.html
terms_readable,kari-toki,/terms/g-a2b258c485791e37.html
terms_readable,karite-hogo,/terms/g-c7d953138d9ce42c.html
terms_readable,kasen-takuchi,/terms/g-e36125115d9ffb15.html
terms_readable,kashi-tanpo-rikoho,/terms/g-9ec01e38bc031f39.html
terms_readable,keigen-zeiritsu-10nen,/terms/g-ab8a611878b04f18.html
terms_readable,keikan,/terms/g-c395abfe96e37bda.html
terms_readable,keikan-chiku,/terms/g-718bf9f867442936.html
terms_readable,keiyaku-kaijo,/terms/g-71b72455a827e5ea.html
terms_readable,keiyaku-seikyuu-tetsuzuki,/terms/g-3433e7305f11e842.html
terms_readable,keiyaku-seiritsu,/terms/g-ca69a1181825ed78.html
terms_readable,kenchiku,/terms/g-31187814b8bed23b.html
terms_readable,kenchiku-kakunin-shinsei,/terms/g-9a7683d168916969.html
terms_readable,kenchiku-koui,/terms/g-d59b3686e1ffce9c.html
terms_readable,kenchiku-kyotei,/terms/g-08ee89dd0b1c4560.html
terms_readable,kenchiku-kyotei-detail,/terms/g-08ee89dd0b1c4560.html
terms_readable,kenchiku-seigen-hourei,/terms/g-a038811abb084333.html
terms_readable,kenchiku-setsubi,/terms/g-b510a12c583c40a7.html
terms_readable,kenchikubutsu,/terms/g-7ef347134a3428cd.html
terms_readable,kenpei,/terms/g-eb08dd4555884837.html
terms_readable,kenri-nouryoku,/terms/g-4c02a73c0d57d318.html
terms_readable,kiken-futan,/terms/g-339e22fda5fe3d46.html
terms_readable,koeki-yoto,/terms/g-d9f4fd13fb18fdcb.html
terms_readable,kojin-jouhou-hogo,/terms/g-e773dd05fddab794.html
terms_readable,kokudo-riyoh,/terms/g-3fa67d6649a26f1e.html
terms_readable,kokudo-todokede,/terms/g-21bef6ce6cf982a0.html
terms_readable,konkyo-houtei,/terms/g-0bc6da5ee57b5fb8.html
terms_readable,koshin-kyozetsu-jiyuu,/terms/g-903b67d86086f87d.html
terms_readable,kotei,/terms/g-9218d019a982e207.html
terms_readable,kotei-chousei,/terms/g-5e288ebfd2fd2e38.html
terms_readable,kotei-hyokagaku,/terms/g-1b8cd4b9a2a2f621.html
terms_readable,kotei-juuran,/terms/g-e4e8ce35e491124f.html
terms_readable,kotei-kazei-daicho,/terms/g-9cb54953a68c2f4a.html
terms_readable,kotei-noufu,/terms/g-b549bc2612ae8e12.html
terms_readable,koudo-chiku,/terms/g-f820da932270c82c.html
terms_readable,koudo-riyou-chiku-detail,/terms/g-273be48ae320a291.html
terms_readable,koudo-riyouchiku,/terms/g-273be48ae320a291.html
terms_readable,koui-nouryoku,/terms/g-c7a83a3eaf62ac4b.html
terms_readable,koukai,/terms/g-9276a24ab5736b33.html
terms_readable,koukoku-kisei,/terms/g-99661cf50bdd70c7.html
terms_readable,kubun-shoyuken,/terms/g-394cce849426611b.html
terms_readable,kukaku-seiri,/terms/g-95d116338a025830.html
terms_readable,kyakka-chintaishaku,/terms/g-fcbd5bfc2237806e.html
terms_readable,kyodo-shoyuu-bunkatsu,/terms/g-77e5989d37624bef.html
terms_readable,kyodo-teito,/terms/g-1a12c083d5962fe0.html
terms_readable,kyoyu,/terms/g-2baf1822e892c64f.html
terms_readable,loan-control,/terms/g-0855a62f6e8b9abb.html
terms_readable,meibo-toroku,/terms/g-9e6882b22113b738.html
terms_readable,meigi-kashi,/terms/g-b81f8029f3084b06.html
terms_readable,meikaku-ka-houshin,/terms/g-df1bf866db6687c8.html
terms_readable,menjo,/terms/g-b9284b4bf1460757.html
terms_readable,menkyo,/terms/g-1fb8069d67357dfb.html
terms_readable,menkyo-gae,/terms/g-56d9917b0a7fe408.html
terms_readable,menkyo-koshin,/terms/g-9568394558eb72da.html
terms_readable,mikansei-bukken,/terms/g-069abb15449101ea.html
terms_readable,morijoken,/terms/g-43ed4c6df20edcab.html
terms_readable,muko-torikeshi,/terms/g-31b5be0cfff1a57c.html
terms_readable,nedan-no-shitsugi,/terms/g-74011dd5f1668d67.html
terms_readable,nekon-teito,/terms/g-c48c1d2411072c36.html
terms_readable,nichiei-shasen,/terms/g-a09314d5576c9fe4.html
terms_readable,nikage-shamen,/terms/g-a09314d5576c9fe4.html
terms_readable,nikou-douro,/terms/g-626ca2efca29c0f5.html
terms_readable,nochi,/terms/g-7e02c75909ec445b.html
terms_readable,nochi-tenyo,/terms/g-74fe119b398c7736.html
terms_readable,nougyou-seisan,/terms/g-6439deebb85fdffe.html
terms_readable,reins,/terms/g-a7dcf3fec4f62821.html
terms_readable,reins-touroku-jiki,/terms/g-18d785e09aab7a27.html
terms_readable,rekinen-kazei,/terms/g-35a67706ac182755.html
terms_readable,rekishi-fuchi,/terms/g-8d0d9c98ee9e23f4.html
terms_readable,rentai-saimu,/terms/g-8329c8328f20a367.html
terms_readable,renzai,/terms/g-40b057bbc89e9f8d.html
terms_readable,rinkai-setchi,/terms/g-e0d770014a0d97c4.html
terms_readable,ryouchi-toku,/terms/g-a3518e11f9dc645f.html
terms_readable,ryuuchi-seinin,/terms/g-a0297426e05d7ebd.html
terms_readable,sagi-kyoho,/terms/g-21f18af32e251517.html
terms_readable,saiken-joto,/terms/g-24a29df255ad1e3f.html
terms_readable,saikensha-daiiiken,/terms/g-6e6488ba0cb58a5d.html
terms_readable,saimu-furikoh,/terms/g-589887d5198afc23.html
terms_readable,saimu-hikiuke,/terms/g-674d4ea97b7bfdff.html
terms_readable,sanzenman-kojo,/terms/g-9fd3cf3c5afa2232.html
terms_readable,sashiosae-kyosei,/terms/g-4ba08223c6369c8d.html
terms_readable,seigen,/terms/g-1077e6b1aad08257.html
terms_readable,seigen-kaburan,/terms/g-fb98848b40f4f252.html
terms_readable,sennin-baikai,/terms/g-0eb0a8f00da461a0.html
terms_readable,senyu,/terms/g-2d8fc6e2a31fea07.html
terms_readable,senyu-kaishu,/terms/g-c5529c52ede78b56.html
terms_readable,senzoku-sennin-baikai,/terms/g-0baf1e2865a4dc31.html
terms_readable,shakuchi,/terms/g-987ef3674a52d355.html
terms_readable,shakuchi-chinju,/terms/g-c37264bc5609da04.html
terms_readable,shakuchiken,/terms/g-c3bd4b04e55dc594.html
terms_readable,shakuchiken-itiji,/terms/g-f0c6d44553863014.html
terms_readable,shichi-sakidori,/terms/g-f1760dacd04969e7.html
terms_readable,shigaichi-kuiki,/terms/g-039356c740321540.html
terms_readable,shiin-zoyo,/terms/g-acf341a03f3dcfbf.html
terms_readable,shikibukken,/terms/g-5a3f8c058f9b7885.html
terms_readable,shikibun,/terms/g-a9dab7a0d07ea799.html
terms_readable,shikikin-reikin,/terms/g-0f0cc9495ae4fb96.html
terms_readable,shinetsei-seiri,/terms/g-398f365a7b497a0a.html
terms_readable,shintaku,/terms/g-88d739cb36602345.html
terms_readable,shisan-hyouka-chika,/terms/g-6953d54d15b15c72.html
terms_readable,shisan-jojo-kisan,/terms/g-91d42b92a4554abc.html
terms_readable,shisan-keisan-kiso,/terms/g-caf32e336f74857d.html
terms_readable,shisan-sisan-kojyo,/terms/g-f3b6adcfc530c244.html
terms_readable,shisanzei-kojogaku,/terms/g-c579d0ef07072bff.html
terms_readable,shiyou-taishaku,/terms/g-e14ef5eea034efa9.html
terms_readable,shizen-hogo-kuiki,/terms/g-8fc2a4393c7234bb.html
terms_readable,shohi-zei-fudosan,/terms/g-77d57da9ba54224c.html
terms_readable,shohi-zei-keisan,/terms/g-320c274b5d1215cd.html
terms_readable,shokibo-takuchi,/terms/g-7973c705da166476.html
terms_readable,shoumetsu-jiko,/terms/g-e44e50bb789c9ca1.html
terms_readable,shoyuken,/terms/g-1d8daffb24786a30.html
terms_readable,shuppatsu-jiko,/terms/g-e4668b0b08647c31.html
terms_readable,shutoku-jiki-kazei,/terms/g-7825ff19ebc6e941.html
terms_readable,shutokuhi,/terms/g-0447c307f5df85c8.html
terms_readable,shutsudan-bunseki,/terms/g-10b987d786d55fa0.html
terms_readable,shuuzen-jourei,/terms/g-c59d6cd230427fd3.html
terms_readable,shuyoukaidou-setback,/terms/g-5bbad40f39d6c683.html
terms_readable,shuzai-ninyou,/terms/g-215e1bf24ea045e7.html
terms_readable,sogo-kazei,/terms/g-f4395d989d20126b.html
terms_readable,sonbai-yotei,/terms/g-a6fa4a5ca911c608.html
terms_readable,songai-baisho,/terms/g-db07237a84258226.html
terms_readable,sorin-kankei,/terms/g-58f5bfa3258ce7db.html
terms_readable,souzoku,/terms/g-7f59d6b5d59b21a2.html
terms_readable,souzoku-hoki,/terms/g-03041f146711f615.html
terms_readable,souzoku-kiso-kojo,/terms/g-8b6f497961604256.html
terms_readable,souzoku-zeikin,/terms/g-fd53a4e423608126.html
terms_readable,souzokuji-seisan,/terms/g-1b432f2387e79365.html
terms_readable,sozoku-mokuhyou,/terms/g-7f59d6b5d59b21a2.html
terms_readable,taika-kenchikubutsu,/terms/g-94324be8e7e9500b.html
terms_readable,taikaku-jogen,/terms/g-b05e90f768280e87.html
terms_readable,tainou-koui,/terms/g-24f391c98752d7e2.html
terms_readable,tajinbutsu-baibai,/terms/g-9daf78a101355269.html
terms_readable,takken-shuninsha,/terms/g-79fec34931f8060d.html
terms_readable,takkenshi,/terms/g-7ea122b7ef0561a7.html
terms_readable,takuchi-tatemono-teigi,/terms/g-d3b82297165f891d.html
terms_readable,takuchi-zosei-kuiki,/terms/g-f912b0067daa56cc.html
terms_readable,tanjun-shonin,/terms/g-bf0f9a25c9421505.html
terms_readable,teiki-chintaishaku,/terms/g-40728d6c58123a28.html
terms_readable,teiki-jouhou-teikyou,/terms/g-0aaf06aa75e83f66.html
terms_readable,teito,/terms/g-05580dfcc11f9ae0.html
terms_readable,teito-jikko,/terms/g-3978c165ac9283d1.html
terms_readable,teito-junni,/terms/g-6be9388b5c9f6a26.html
terms_readable,teito-settei-keiyaku,/terms/g-41ac371ad1832551.html
terms_readable,tentaishaku,/terms/g-4c48c03b3911db32.html
terms_readable,tentatsu-matagas,/terms/g-ff5a1d1378e6c50d.html
terms_readable,tetsuke,/terms/g-f98428062dfa132a.html
terms_readable,tetsukekin-hozen,/terms/g-f98428062dfa132a.html
terms_readable,tochi-saiken,/terms/g-068e91320968e091.html
terms_readable,toki-reitenzei,/terms/g-59719fefc6251532.html
terms_readable,tokubetsu-yoto-chiku,/terms/g-429a3d2e65f7ade4.html
terms_readable,tokurei-jouto,/terms/g-cfa236bde7ad0e24.html
terms_readable,tokushu-kenchikubutsu,/terms/g-6e185ec9d9cbc602.html
terms_readable,tokutei-denkijou,/terms/g-92444bd29bc727aa.html
terms_readable,tokutei-gaiku,/terms/g-4887e418fdffbbd9.html
terms_readable,tokutei-kenchiku,/terms/g-a138c18964842234.html
terms_readable,tokutei-morido,/terms/g-75f69958dfcde92e.html
terms_readable,tokutei-shiro-shisan,/terms/g-45d78f616cf46369.html
terms_readable,tokutei-yoto-seigen,/terms/g-45d78f616cf46369.html
terms_readable,tokuyaku-seigen,/terms/g-33e41dbe5f50affd.html
terms_readable,torihiki-daicho,/terms/g-91d1a7b439084844.html
terms_readable,toroku,/terms/g-7a28bad819f8f5e5.html
terms_readable,toroku-iten,/terms/g-a67886f0a0d92e92.html
terms_readable,toroku-menkyo-kazei-hyojun,/terms/g-41002b8feda03bc3.html
terms_readable,toroku-menkyo-keigen,/terms/g-132ca12b140a9a98.html
terms_readable,toshi,/terms/g-5cccc26b5d098864.html
terms_readable,toshi-keikaku-kettei,/terms/g-698d90e34f7c5ecf.html
terms_readable,toshi-keikaku-zei,/terms/g-404d238d0fae2ff2.html
terms_readable,toshikeikaku-jigyo,/terms/g-755c7f3f3f292027.html
terms_readable,toshishisetsu,/terms/g-269873813beae0b5.html
terms_readable,toukei-taisaku,/terms/g-e5775c890fcb3c88.html
terms_readable,touki,/terms/g-0cd3cd4a768dafcf.html
terms_readable,tsuikyuko,/terms/g-dbb250a06b656e9c.html
terms_readable,tsunami-takashio,/terms/g-c1b8659b0b7befbe.html
terms_readable,ukeoi-inin,/terms/g-84b2d7b1c3ea3b2d.html
terms_readable,warihukehanbai,/terms/g-10b5229333622952.html
terms_readable,yigon,/terms/g-a6ce6f0d1e8e56eb.html
terms_readable,yoseki,/terms/g-7b001f5d40fc8e60.html
terms_readable,yosen-ronten,/terms/g-73494436c7f6f43d.html
terms_readable,yoto,/terms/g-48bef6946697c1c6.html
terms_readable,yoto-chiiki-shurui,/terms/g-c662c6d62dbea978.html
terms_readable,yoto-henko,/terms/g-10c708b4ed75f565.html
terms_readable,yusen-bensai,/terms/g-26e3f97a34907b57.html
terms_readable,yuusen-jounin,/terms/g-8fb98ecf96daa08b.html
terms_readable,zengo-kashitsu,/terms/g-04f06c2ad697a161.html
terms_readable,zoki-joto-kazei,/terms/g-5f833eca18b46742.html
terms_readable,zosaku-kaitori,/terms/g-bb7ffbe3a9901688.html
terms_readable,zoyo-minpo,/terms/g-dcf022631cf3c083.html
terms_readable,zoyo-zei,/terms/g-6629f9e932759d12.html
terms_hash,028752dfab7083d2,/terms/g-028752dfab7083d2.html
terms_hash,03041f146711f615,/terms/g-03041f146711f615.html
terms_hash,039356c740321540,/terms/g-039356c740321540.html
terms_hash,0447c307f5df85c8,/terms/g-0447c307f5df85c8.html
terms_hash,04f06c2ad697a161,/terms/g-04f06c2ad697a161.html
terms_hash,05580dfcc11f9ae0,/terms/g-05580dfcc11f9ae0.html
terms_hash,068e91320968e091,/terms/g-068e91320968e091.html
terms_hash,069abb15449101ea,/terms/g-069abb15449101ea.html
terms_hash,0855a62f6e8b9abb,/terms/g-0855a62f6e8b9abb.html
terms_hash,08ee89dd0b1c4560,/terms/g-08ee89dd0b1c4560.html
terms_hash,0aaf06aa75e83f66,/terms/g-0aaf06aa75e83f66.html
terms_hash,0baf1e2865a4dc31,/terms/g-0baf1e2865a4dc31.html
terms_hash,0bc6da5ee57b5fb8,/terms/g-0bc6da5ee57b5fb8.html
terms_hash,0cd3cd4a768dafcf,/terms/g-0cd3cd4a768dafcf.html
terms_hash,0cf3ceb68263119f,/terms/g-0cf3ceb68263119f.html
terms_hash,0d96baad35eb6b9c,/terms/g-0d96baad35eb6b9c.html
terms_hash,0eb0a8f00da461a0,/terms/g-0eb0a8f00da461a0.html
terms_hash,0f0cc9495ae4fb96,/terms/g-0f0cc9495ae4fb96.html
terms_hash,105fe1a154b0a603,/terms/g-105fe1a154b0a603.html
terms_hash,1077e6b1aad08257,/terms/g-1077e6b1aad08257.html
terms_hash,10b5229333622952,/terms/g-10b5229333622952.html
terms_hash,10b987d786d55fa0,/terms/g-10b987d786d55fa0.html
terms_hash,10c708b4ed75f565,/terms/g-10c708b4ed75f565.html
terms_hash,12538c772f9b4d73,/terms/g-12538c772f9b4d73.html
terms_hash,128c9f86ee07c5a6,/terms/g-128c9f86ee07c5a6.html
terms_hash,132ca12b140a9a98,/terms/g-132ca12b140a9a98.html
terms_hash,17ea22301a418a72,/terms/g-17ea22301a418a72.html
terms_hash,17f1c6a5027a9ce3,/terms/g-17f1c6a5027a9ce3.html
terms_hash,18d785e09aab7a27,/terms/g-18d785e09aab7a27.html
terms_hash,1a12c083d5962fe0,/terms/g-1a12c083d5962fe0.html
terms_hash,1a3be95365a07efb,/terms/g-1a3be95365a07efb.html
terms_hash,1a63cc3595776541,/terms/g-1a63cc3595776541.html
terms_hash,1b432f2387e79365,/terms/g-1b432f2387e79365.html
terms_hash,1b8cd4b9a2a2f621,/terms/g-1b8cd4b9a2a2f621.html
terms_hash,1c0a28bfdb848d3e,/terms/g-1c0a28bfdb848d3e.html
terms_hash,1ccd4b5f7c94e464,/terms/g-1ccd4b5f7c94e464.html
terms_hash,1d14b8b4ffecb1b0,/terms/g-1d14b8b4ffecb1b0.html
terms_hash,1d2cf89b75e5058d,/terms/g-1d2cf89b75e5058d.html
terms_hash,1d8daffb24786a30,/terms/g-1d8daffb24786a30.html
terms_hash,1fa4d852dac549af,/terms/g-1fa4d852dac549af.html
terms_hash,1fb8069d67357dfb,/terms/g-1fb8069d67357dfb.html
terms_hash,20a017f8c7410bb2,/terms/g-20a017f8c7410bb2.html
terms_hash,215e1bf24ea045e7,/terms/g-215e1bf24ea045e7.html
terms_hash,21bef6ce6cf982a0,/terms/g-21bef6ce6cf982a0.html
terms_hash,21f18af32e251517,/terms/g-21f18af32e251517.html
terms_hash,22994b12a4979776,/terms/g-22994b12a4979776.html
terms_hash,22d04a835127e40f,/terms/g-22d04a835127e40f.html
terms_hash,24a29df255ad1e3f,/terms/g-24a29df255ad1e3f.html
terms_hash,24f391c98752d7e2,/terms/g-24f391c98752d7e2.html
terms_hash,2502f2e42382e255,/terms/g-2502f2e42382e255.html
terms_hash,269873813beae0b5,/terms/g-269873813beae0b5.html
terms_hash,26e3f97a34907b57,/terms/g-26e3f97a34907b57.html
terms_hash,273be48ae320a291,/terms/g-273be48ae320a291.html
terms_hash,275d96638f66c804,/terms/g-275d96638f66c804.html
terms_hash,281874d945ac4cec,/terms/g-281874d945ac4cec.html
terms_hash,2832b27df0427228,/terms/g-2832b27df0427228.html
terms_hash,288ea2789de5b262,/terms/g-288ea2789de5b262.html
terms_hash,2baf1822e892c64f,/terms/g-2baf1822e892c64f.html
terms_hash,2c8ff23efb1a0ac1,/terms/g-2c8ff23efb1a0ac1.html
terms_hash,2d8fc6e2a31fea07,/terms/g-2d8fc6e2a31fea07.html
terms_hash,2e0bd6f883c19cb6,/terms/g-2e0bd6f883c19cb6.html
terms_hash,31187814b8bed23b,/terms/g-31187814b8bed23b.html
terms_hash,31b5be0cfff1a57c,/terms/g-31b5be0cfff1a57c.html
terms_hash,320c274b5d1215cd,/terms/g-320c274b5d1215cd.html
terms_hash,32a1926291c5c459,/terms/g-32a1926291c5c459.html
terms_hash,3350472981e692ce,/terms/g-3350472981e692ce.html
terms_hash,339e22fda5fe3d46,/terms/g-339e22fda5fe3d46.html
terms_hash,33e41dbe5f50affd,/terms/g-33e41dbe5f50affd.html
terms_hash,3433e7305f11e842,/terms/g-3433e7305f11e842.html
terms_hash,35a67706ac182755,/terms/g-35a67706ac182755.html
terms_hash,382bae82b007c76d,/terms/g-382bae82b007c76d.html
terms_hash,394cce849426611b,/terms/g-394cce849426611b.html
terms_hash,3978c165ac9283d1,/terms/g-3978c165ac9283d1.html
terms_hash,398f365a7b497a0a,/terms/g-398f365a7b497a0a.html
terms_hash,3b69b3743a7d0641,/terms/g-3b69b3743a7d0641.html
terms_hash,3ee2d187ff6083f6,/terms/g-3ee2d187ff6083f6.html
terms_hash,3fa67d6649a26f1e,/terms/g-3fa67d6649a26f1e.html
terms_hash,404d238d0fae2ff2,/terms/g-404d238d0fae2ff2.html
terms_hash,40728d6c58123a28,/terms/g-40728d6c58123a28.html
terms_hash,40b057bbc89e9f8d,/terms/g-40b057bbc89e9f8d.html
terms_hash,41002b8feda03bc3,/terms/g-41002b8feda03bc3.html
terms_hash,41ac371ad1832551,/terms/g-41ac371ad1832551.html
terms_hash,429a3d2e65f7ade4,/terms/g-429a3d2e65f7ade4.html
terms_hash,438c85b4fa0cb6ec,/terms/g-438c85b4fa0cb6ec.html
terms_hash,43ed4c6df20edcab,/terms/g-43ed4c6df20edcab.html
terms_hash,45d78f616cf46369,/terms/g-45d78f616cf46369.html
terms_hash,4639ed7d7d1102dd,/terms/g-4639ed7d7d1102dd.html
terms_hash,4887e418fdffbbd9,/terms/g-4887e418fdffbbd9.html
terms_hash,48bef6946697c1c6,/terms/g-48bef6946697c1c6.html
terms_hash,499d0b5c6d761e00,/terms/g-499d0b5c6d761e00.html
terms_hash,4a2c21f836cb5eca,/terms/g-4a2c21f836cb5eca.html
terms_hash,4b741db25ee5908b,/terms/g-4b741db25ee5908b.html
terms_hash,4ba08223c6369c8d,/terms/g-4ba08223c6369c8d.html
terms_hash,4bbd16cbcd0e3534,/terms/g-4bbd16cbcd0e3534.html
terms_hash,4c02a73c0d57d318,/terms/g-4c02a73c0d57d318.html
terms_hash,4c48c03b3911db32,/terms/g-4c48c03b3911db32.html
terms_hash,4caea5e8402a79c2,/terms/g-4caea5e8402a79c2.html
terms_hash,4d4edfc770c2cdd0,/terms/g-4d4edfc770c2cdd0.html
terms_hash,54019a95cc638792,/terms/g-54019a95cc638792.html
terms_hash,56d9917b0a7fe408,/terms/g-56d9917b0a7fe408.html
terms_hash,589887d5198afc23,/terms/g-589887d5198afc23.html
terms_hash,58f5bfa3258ce7db,/terms/g-58f5bfa3258ce7db.html
terms_hash,59719fefc6251532,/terms/g-59719fefc6251532.html
terms_hash,5a3f8c058f9b7885,/terms/g-5a3f8c058f9b7885.html
terms_hash,5bbad40f39d6c683,/terms/g-5bbad40f39d6c683.html
terms_hash,5cccc26b5d098864,/terms/g-5cccc26b5d098864.html
terms_hash,5dd9f677ce87b3fe,/terms/g-5dd9f677ce87b3fe.html
terms_hash,5e288ebfd2fd2e38,/terms/g-5e288ebfd2fd2e38.html
terms_hash,5f833eca18b46742,/terms/g-5f833eca18b46742.html
terms_hash,626ca2efca29c0f5,/terms/g-626ca2efca29c0f5.html
terms_hash,63d6564a188e7845,/terms/g-63d6564a188e7845.html
terms_hash,6439deebb85fdffe,/terms/g-6439deebb85fdffe.html
terms_hash,64cc4bfff4e14489,/terms/g-64cc4bfff4e14489.html
terms_hash,6629f9e932759d12,/terms/g-6629f9e932759d12.html
terms_hash,674d4ea97b7bfdff,/terms/g-674d4ea97b7bfdff.html
terms_hash,6953d54d15b15c72,/terms/g-6953d54d15b15c72.html
terms_hash,698d90e34f7c5ecf,/terms/g-698d90e34f7c5ecf.html
terms_hash,6bb5e7630d42acad,/terms/g-6bb5e7630d42acad.html
terms_hash,6be9388b5c9f6a26,/terms/g-6be9388b5c9f6a26.html
terms_hash,6e185ec9d9cbc602,/terms/g-6e185ec9d9cbc602.html
terms_hash,6e6488ba0cb58a5d,/terms/g-6e6488ba0cb58a5d.html
terms_hash,712f66f0115111e0,/terms/g-712f66f0115111e0.html
terms_hash,718bf9f867442936,/terms/g-718bf9f867442936.html
terms_hash,71b72455a827e5ea,/terms/g-71b72455a827e5ea.html
terms_hash,73494436c7f6f43d,/terms/g-73494436c7f6f43d.html
terms_hash,74011dd5f1668d67,/terms/g-74011dd5f1668d67.html
terms_hash,746ee5a6163feeb9,/terms/g-746ee5a6163feeb9.html
terms_hash,74fe119b398c7736,/terms/g-74fe119b398c7736.html
terms_hash,755c7f3f3f292027,/terms/g-755c7f3f3f292027.html
terms_hash,75f69958dfcde92e,/terms/g-75f69958dfcde92e.html
terms_hash,76af604c232c0b96,/terms/g-76af604c232c0b96.html
terms_hash,76df719c03db54c1,/terms/g-76df719c03db54c1.html
terms_hash,775c4a88033e001d,/terms/g-775c4a88033e001d.html
terms_hash,776e3f53e6ec7210,/terms/g-776e3f53e6ec7210.html
terms_hash,77d57da9ba54224c,/terms/g-77d57da9ba54224c.html
terms_hash,77e5989d37624bef,/terms/g-77e5989d37624bef.html
terms_hash,7825ff19ebc6e941,/terms/g-7825ff19ebc6e941.html
terms_hash,7973c705da166476,/terms/g-7973c705da166476.html
terms_hash,79fec34931f8060d,/terms/g-79fec34931f8060d.html
terms_hash,7a28bad819f8f5e5,/terms/g-7a28bad819f8f5e5.html
terms_hash,7a6d39beb37bcde7,/terms/g-7a6d39beb37bcde7.html
terms_hash,7b001f5d40fc8e60,/terms/g-7b001f5d40fc8e60.html
terms_hash,7d745d2ada533327,/terms/g-7d745d2ada533327.html
terms_hash,7e0163fccbd0c86a,/terms/g-7e0163fccbd0c86a.html
terms_hash,7e02c75909ec445b,/terms/g-7e02c75909ec445b.html
terms_hash,7ea122b7ef0561a7,/terms/g-7ea122b7ef0561a7.html
terms_hash,7ef347134a3428cd,/terms/g-7ef347134a3428cd.html
terms_hash,7f59d6b5d59b21a2,/terms/g-7f59d6b5d59b21a2.html
terms_hash,82bc5192faf074fa,/terms/g-82bc5192faf074fa.html
terms_hash,8329c8328f20a367,/terms/g-8329c8328f20a367.html
terms_hash,83f5bc9ab9e78bca,/terms/g-83f5bc9ab9e78bca.html
terms_hash,84b2d7b1c3ea3b2d,/terms/g-84b2d7b1c3ea3b2d.html
terms_hash,869de3e6e2b22751,/terms/g-869de3e6e2b22751.html
terms_hash,88d739cb36602345,/terms/g-88d739cb36602345.html
terms_hash,89d272b5356ef315,/terms/g-89d272b5356ef315.html
terms_hash,8b30595409e33e29,/terms/g-8b30595409e33e29.html
terms_hash,8b6f497961604256,/terms/g-8b6f497961604256.html
terms_hash,8d0d9c98ee9e23f4,/terms/g-8d0d9c98ee9e23f4.html
terms_hash,8d27e6611c107336,/terms/g-8d27e6611c107336.html
terms_hash,8d72cbc9daeaa863,/terms/g-8d72cbc9daeaa863.html
terms_hash,8e50e18ee5355893,/terms/g-8e50e18ee5355893.html
terms_hash,8edf970e104636dd,/terms/g-8edf970e104636dd.html
terms_hash,8fb98ecf96daa08b,/terms/g-8fb98ecf96daa08b.html
terms_hash,8fc2a4393c7234bb,/terms/g-8fc2a4393c7234bb.html
terms_hash,903b67d86086f87d,/terms/g-903b67d86086f87d.html
terms_hash,91d1a7b439084844,/terms/g-91d1a7b439084844.html
terms_hash,91d42b92a4554abc,/terms/g-91d42b92a4554abc.html
terms_hash,91f19dbdee83df9c,/terms/g-91f19dbdee83df9c.html
terms_hash,9218d019a982e207,/terms/g-9218d019a982e207.html
terms_hash,92444bd29bc727aa,/terms/g-92444bd29bc727aa.html
terms_hash,9276a24ab5736b33,/terms/g-9276a24ab5736b33.html
terms_hash,93ffac8913df957f,/terms/g-93ffac8913df957f.html
terms_hash,94324be8e7e9500b,/terms/g-94324be8e7e9500b.html
terms_hash,94a42d21102b4095,/terms/g-94a42d21102b4095.html
terms_hash,9568394558eb72da,/terms/g-9568394558eb72da.html
terms_hash,957722060e8ed335,/terms/g-957722060e8ed335.html
terms_hash,95d116338a025830,/terms/g-95d116338a025830.html
terms_hash,97036155608da694,/terms/g-97036155608da694.html
terms_hash,979d850e345a1b0b,/terms/g-979d850e345a1b0b.html
terms_hash,987ef3674a52d355,/terms/g-987ef3674a52d355.html
terms_hash,99661cf50bdd70c7,/terms/g-99661cf50bdd70c7.html
terms_hash,9a7683d168916969,/terms/g-9a7683d168916969.html
terms_hash,9caf4bd5925d3d13,/terms/g-9caf4bd5925d3d13.html
terms_hash,9cb54953a68c2f4a,/terms/g-9cb54953a68c2f4a.html
terms_hash,9daf78a101355269,/terms/g-9daf78a101355269.html
terms_hash,9e10e051c347f03f,/terms/g-9e10e051c347f03f.html
terms_hash,9e43aeb029399f76,/terms/g-9e43aeb029399f76.html
terms_hash,9e4d9bed910d1a27,/terms/g-9e4d9bed910d1a27.html
terms_hash,9e6882b22113b738,/terms/g-9e6882b22113b738.html
terms_hash,9ec01e38bc031f39,/terms/g-9ec01e38bc031f39.html
terms_hash,9fd3cf3c5afa2232,/terms/g-9fd3cf3c5afa2232.html
terms_hash,a0297426e05d7ebd,/terms/g-a0297426e05d7ebd.html
terms_hash,a038811abb084333,/terms/g-a038811abb084333.html
terms_hash,a09314d5576c9fe4,/terms/g-a09314d5576c9fe4.html
terms_hash,a138c18964842234,/terms/g-a138c18964842234.html
terms_hash,a2140bfec8293f35,/terms/g-a2140bfec8293f35.html
terms_hash,a2b258c485791e37,/terms/g-a2b258c485791e37.html
terms_hash,a3518e11f9dc645f,/terms/g-a3518e11f9dc645f.html
terms_hash,a399f70595e662f6,/terms/g-a399f70595e662f6.html
terms_hash,a67886f0a0d92e92,/terms/g-a67886f0a0d92e92.html
terms_hash,a6ce6f0d1e8e56eb,/terms/g-a6ce6f0d1e8e56eb.html
terms_hash,a6fa4a5ca911c608,/terms/g-a6fa4a5ca911c608.html
terms_hash,a7d8c2af969d1e63,/terms/g-a7d8c2af969d1e63.html
terms_hash,a7dcf3fec4f62821,/terms/g-a7dcf3fec4f62821.html
terms_hash,a8711ae10485b2e5,/terms/g-a8711ae10485b2e5.html
terms_hash,a996a80afb6413d5,/terms/g-a996a80afb6413d5.html
terms_hash,a9dab7a0d07ea799,/terms/g-a9dab7a0d07ea799.html
terms_hash,a9dcea3f192d9d09,/terms/g-a9dcea3f192d9d09.html
terms_hash,ab8a611878b04f18,/terms/g-ab8a611878b04f18.html
terms_hash,acf341a03f3dcfbf,/terms/g-acf341a03f3dcfbf.html
terms_hash,ad8b77dacb232155,/terms/g-ad8b77dacb232155.html
terms_hash,adecaae2464c77e6,/terms/g-adecaae2464c77e6.html
terms_hash,b05e90f768280e87,/terms/g-b05e90f768280e87.html
terms_hash,b40132bde577eb79,/terms/g-b40132bde577eb79.html
terms_hash,b510a12c583c40a7,/terms/g-b510a12c583c40a7.html
terms_hash,b549bc2612ae8e12,/terms/g-b549bc2612ae8e12.html
terms_hash,b81f8029f3084b06,/terms/g-b81f8029f3084b06.html
terms_hash,b9284b4bf1460757,/terms/g-b9284b4bf1460757.html
terms_hash,ba4f3bf83f7d588a,/terms/g-ba4f3bf83f7d588a.html
terms_hash,bad04911897ff5c9,/terms/g-bad04911897ff5c9.html
terms_hash,bb7ffbe3a9901688,/terms/g-bb7ffbe3a9901688.html
terms_hash,bee7645f107d8ada,/terms/g-bee7645f107d8ada.html
terms_hash,bf0f9a25c9421505,/terms/g-bf0f9a25c9421505.html
terms_hash,c167bc6879df2290,/terms/g-c167bc6879df2290.html
terms_hash,c1b8659b0b7befbe,/terms/g-c1b8659b0b7befbe.html
terms_hash,c306c4d3151d40a8,/terms/g-c306c4d3151d40a8.html
terms_hash,c37264bc5609da04,/terms/g-c37264bc5609da04.html
terms_hash,c395abfe96e37bda,/terms/g-c395abfe96e37bda.html
terms_hash,c3bd4b04e55dc594,/terms/g-c3bd4b04e55dc594.html
terms_hash,c3e382438026d333,/terms/g-c3e382438026d333.html
terms_hash,c48c1d2411072c36,/terms/g-c48c1d2411072c36.html
terms_hash,c5529c52ede78b56,/terms/g-c5529c52ede78b56.html
terms_hash,c579d0ef07072bff,/terms/g-c579d0ef07072bff.html
terms_hash,c59d6cd230427fd3,/terms/g-c59d6cd230427fd3.html
terms_hash,c662c6d62dbea978,/terms/g-c662c6d62dbea978.html
terms_hash,c742c5a581ef9aa9,/terms/g-c742c5a581ef9aa9.html
terms_hash,c7a83a3eaf62ac4b,/terms/g-c7a83a3eaf62ac4b.html
terms_hash,c7d953138d9ce42c,/terms/g-c7d953138d9ce42c.html
terms_hash,c8774199fcae4184,/terms/g-c8774199fcae4184.html
terms_hash,c9ef86f373683985,/terms/g-c9ef86f373683985.html
terms_hash,ca69a1181825ed78,/terms/g-ca69a1181825ed78.html
terms_hash,cab4fb62ff6e1050,/terms/g-a09314d5576c9fe4.html
terms_hash,caf32e336f74857d,/terms/g-caf32e336f74857d.html
terms_hash,cf0ddbcc77042df9,/terms/g-cf0ddbcc77042df9.html
terms_hash,cfa236bde7ad0e24,/terms/g-cfa236bde7ad0e24.html
terms_hash,d18c375b9cadf6f4,/terms/g-d18c375b9cadf6f4.html
terms_hash,d3b82297165f891d,/terms/g-d3b82297165f891d.html
terms_hash,d5684005873b0571,/terms/g-d5684005873b0571.html
terms_hash,d59b3686e1ffce9c,/terms/g-d59b3686e1ffce9c.html
terms_hash,d5a383bfc1b700ff,/terms/g-d5a383bfc1b700ff.html
terms_hash,d5de10b7a76ae966,/terms/g-d5de10b7a76ae966.html
terms_hash,d72889ed8d30847a,/terms/g-d72889ed8d30847a.html
terms_hash,d9f4fd13fb18fdcb,/terms/g-d9f4fd13fb18fdcb.html
terms_hash,db07237a84258226,/terms/g-db07237a84258226.html
terms_hash,db8529c3c5474880,/terms/g-db8529c3c5474880.html
terms_hash,dbb250a06b656e9c,/terms/g-dbb250a06b656e9c.html
terms_hash,dcd0af76aefcda14,/terms/g-dcd0af76aefcda14.html
terms_hash,dcf022631cf3c083,/terms/g-dcf022631cf3c083.html
terms_hash,deefcfacb1c42a59,/terms/g-deefcfacb1c42a59.html
terms_hash,df1bf866db6687c8,/terms/g-df1bf866db6687c8.html
terms_hash,e01e08e2d0fba21a,/terms/g-e01e08e2d0fba21a.html
terms_hash,e0c8d4e06b88f14b,/terms/g-e0c8d4e06b88f14b.html
terms_hash,e0d770014a0d97c4,/terms/g-e0d770014a0d97c4.html
terms_hash,e14ef5eea034efa9,/terms/g-e14ef5eea034efa9.html
terms_hash,e170c5176f731cc2,/terms/g-e170c5176f731cc2.html
terms_hash,e289bbc9a47d36ab,/terms/g-e289bbc9a47d36ab.html
terms_hash,e36125115d9ffb15,/terms/g-e36125115d9ffb15.html
terms_hash,e364ef1473668195,/terms/g-e364ef1473668195.html
terms_hash,e44e50bb789c9ca1,/terms/g-e44e50bb789c9ca1.html
terms_hash,e4668b0b08647c31,/terms/g-e4668b0b08647c31.html
terms_hash,e4e8ce35e491124f,/terms/g-e4e8ce35e491124f.html
terms_hash,e5775c890fcb3c88,/terms/g-e5775c890fcb3c88.html
terms_hash,e73d88e236e1a5f7,/terms/g-e73d88e236e1a5f7.html
terms_hash,e773dd05fddab794,/terms/g-e773dd05fddab794.html
terms_hash,e847efb71d21c44e,/terms/g-e847efb71d21c44e.html
terms_hash,e96ea9181bd425f9,/terms/g-e96ea9181bd425f9.html
terms_hash,e9e304462b51df36,/terms/g-e9e304462b51df36.html
terms_hash,eb08dd4555884837,/terms/g-eb08dd4555884837.html
terms_hash,ebd563c4759de9a2,/terms/g-ebd563c4759de9a2.html
terms_hash,ec1ec9ea6218856a,/terms/g-ec1ec9ea6218856a.html
terms_hash,ed925746be6e0698,/terms/g-ed925746be6e0698.html
terms_hash,ee758f2cd2c4551c,/terms/g-ee758f2cd2c4551c.html
terms_hash,f00c341c1562d78e,/terms/g-f00c341c1562d78e.html
terms_hash,f0c6d44553863014,/terms/g-f0c6d44553863014.html
terms_hash,f1760dacd04969e7,/terms/g-f1760dacd04969e7.html
terms_hash,f3b6adcfc530c244,/terms/g-f3b6adcfc530c244.html
terms_hash,f4395d989d20126b,/terms/g-f4395d989d20126b.html
terms_hash,f4a3aaf115ad9587,/terms/g-f4a3aaf115ad9587.html
terms_hash,f755026f4bfbc649,/terms/g-f755026f4bfbc649.html
terms_hash,f79a273fcd628ca1,/terms/g-f79a273fcd628ca1.html
terms_hash,f820da932270c82c,/terms/g-f820da932270c82c.html
terms_hash,f912b0067daa56cc,/terms/g-f912b0067daa56cc.html
terms_hash,f95e7018644a9ea5,/terms/g-f95e7018644a9ea5.html
terms_hash,f98428062dfa132a,/terms/g-f98428062dfa132a.html
terms_hash,fb98848b40f4f252,/terms/g-fb98848b40f4f252.html
terms_hash,fc53a156a2be355f,/terms/g-fc53a156a2be355f.html
terms_hash,fc9f14a93a3f9187,/terms/g-fc9f14a93a3f9187.html
terms_hash,fcbd5bfc2237806e,/terms/g-fcbd5bfc2237806e.html
terms_hash,fd53a4e423608126,/terms/g-fd53a4e423608126.html
terms_hash,fe7ec8f7344d3ffd,/terms/g-fe7ec8f7344d3ffd.html
terms_hash,ff5a1d1378e6c50d,/terms/g-ff5a1d1378e6c50d.html
terms_hash,ff5c8ae7ffa09d30,/terms/g-ff5c8ae7ffa09d30.html
terms_hash,ff7a70d4a8f0f6fa,/terms/g-ff7a70d4a8f0f6fa.html
terms_hash,ffcc22df05f97f29,/terms/g-ffcc22df05f97f29.html
glossary,37jo,/terms/g-1ccd4b5f7c94e464.html
glossary,akiya-toriatsukai,/terms/g-adecaae2464c77e6.html
glossary,akuden-kisei,/terms/g-a9dcea3f192d9d09.html
glossary,annaisho-todoke,/terms/g-93ffac8913df957f.html
glossary,baibai-keiyaku,/terms/g-499d0b5c6d761e00.html
glossary,baikai,/terms/g-775c4a88033e001d.html
glossary,baikai-compare,/terms/g-775c4a88033e001d.html
glossary,baikai-genba-setumei,/terms/g-ee758f2cd2c4551c.html
glossary,baikai-keiyaku-shuryou,/terms/g-028752dfab7083d2.html
glossary,baikai-keiyakusho,/terms/g-e01e08e2d0fba21a.html
glossary,baikyaku-daikin,/terms/g-4d4edfc770c2cdd0.html
glossary,benkyo,/terms/g-db8529c3c5474880.html
glossary,bensai-sousai,/terms/g-105fe1a154b0a603.html
glossary,bouka-yoto,/terms/g-ebd563c4759de9a2.html
glossary,bukken-hendo,/terms/g-f95e7018644a9ea5.html
glossary,bukken-saiken,/terms/g-c3e382438026d333.html
glossary,bukkenteki-seikyu,/terms/g-ad8b77dacb232155.html
glossary,bunkazai-chiku,/terms/g-91f19dbdee83df9c.html
glossary,bunri-kazei,/terms/g-c9ef86f373683985.html
glossary,butsujo-daii,/terms/g-9e43aeb029399f76.html
glossary,butsujo-hosho,/terms/g-128c9f86ee07c5a6.html
glossary,butteki-tanpo,/terms/g-9caf4bd5925d3d13.html
glossary,chijo-chiekiken,/terms/g-1c0a28bfdb848d3e.html
glossary,chika-koji,/terms/g-94a42d21102b4095.html
glossary,chiku-keikaku,/terms/g-712f66f0115111e0.html
glossary,chingo-zougengaku,/terms/g-1fa4d852dac549af.html
glossary,chinhoushou-nintei,/terms/g-f79a273fcd628ca1.html
glossary,chinryo-zogen,/terms/g-1fa4d852dac549af.html
glossary,chintaiborrow,/terms/g-8edf970e104636dd.html
glossary,chokuzen-taisaku,/terms/g-0d96baad35eb6b9c.html
glossary,chukai-tesuryo,/terms/g-20a017f8c7410bb2.html
glossary,cooling,/terms/g-97036155608da694.html
glossary,daikibo-shuzen,/terms/g-17ea22301a418a72.html
glossary,dairi,/terms/g-63d6564a188e7845.html
glossary,daisansha-bensai,/terms/g-6bb5e7630d42acad.html
glossary,danteiteki-handan,/terms/g-275d96638f66c804.html
glossary,denshi-kofu,/terms/g-f4a3aaf115ad9587.html
glossary,dosya-saigai,/terms/g-d5de10b7a76ae966.html
glossary,douji-riko,/terms/g-ba4f3bf83f7d588a.html
glossary,douro-ichi-shitei,/terms/g-d5684005873b0571.html
glossary,douro-teigi,/terms/g-d18c375b9cadf6f4.html
glossary,fuchi-chiku,/terms/g-e73d88e236e1a5f7.html
glossary,fudosan-shotoku,/terms/g-bee7645f107d8ada.html
glossary,fudosan-shutoku-kazei-hyojun,/terms/g-ec1ec9ea6218856a.html
glossary,fudosan-shutoku-menzeiten,/terms/g-1d2cf89b75e5058d.html
glossary,fudosan-toshi-zeikin,/terms/g-cf0ddbcc77042df9.html
glossary,fudosantax,/terms/g-979d850e345a1b0b.html
glossary,fuhoto,/terms/g-8b30595409e33e29.html
glossary,fujitsu-kokuchi,/terms/g-7d745d2ada533327.html
glossary,futekigo,/terms/g-a996a80afb6413d5.html
glossary,futekigo-tokuyaku-seigen,/terms/g-1d14b8b4ffecb1b0.html
glossary,gaisan-shutokuhi,/terms/g-d5a383bfc1b700ff.html
glossary,genjo-kaifuku,/terms/g-3ee2d187ff6083f6.html
glossary,genka-shokyaku,/terms/g-4a2c21f836cb5eca.html
glossary,gentei-shonin,/terms/g-382bae82b007c76d.html
glossary,gomen-menjo,/terms/g-a2140bfec8293f35.html
glossary,goukaku,/terms/g-c742c5a581ef9aa9.html
glossary,gyomujoh-kisei,/terms/g-ff5c8ae7ffa09d30.html
glossary,haigusha-kyojuken,/terms/g-ffcc22df05f97f29.html
glossary,haigyo-todoke,/terms/g-64cc4bfff4e14489.html
glossary,hasshu-seigen,/terms/g-776e3f53e6ec7210.html
glossary,himitsu-hoji,/terms/g-4b741db25ee5908b.html
glossary,hinshitsu-kakuho,/terms/g-0cf3ceb68263119f.html
glossary,hisen-yuki-kuiki,/terms/g-e289bbc9a47d36ab.html
glossary,hon-toki,/terms/g-54019a95cc638792.html
glossary,hosho,/terms/g-9e10e051c347f03f.html
glossary,hosho-debt,/terms/g-1a3be95365a07efb.html
glossary,hoshokyo-shosai,/terms/g-3b69b3743a7d0641.html
glossary,hoshu,/terms/g-e0c8d4e06b88f14b.html
glossary,hoshu-keiji,/terms/g-9e4d9bed910d1a27.html
glossary,hoteichijoken,/terms/g-5dd9f677ce87b3fe.html
glossary,houtei-koshin,/terms/g-ff7a70d4a8f0f6fa.html
glossary,houteikoushin,/terms/g-ff7a70d4a8f0f6fa.html
glossary,hyogen-dairi,/terms/g-e170c5176f731cc2.html
glossary,hyoshiki-keiji,/terms/g-c167bc6879df2290.html
glossary,ijou-kenchiku,/terms/g-bad04911897ff5c9.html
glossary,inochi-ken,/terms/g-869de3e6e2b22751.html
glossary,inshi,/terms/g-7a6d39beb37bcde7.html
glossary,inshi-kazei-bunsho,/terms/g-32a1926291c5c459.html
glossary,inshi-nofu,/terms/g-1a63cc3595776541.html
glossary,insonkin,/terms/g-2832b27df0427228.html
glossary,ippan-baikai,/terms/g-c306c4d3151d40a8.html
glossary,iryuubun,/terms/g-957722060e8ed335.html
glossary,isan-bunkatsu,/terms/g-22d04a835127e40f.html
glossary,ishihyoji,/terms/g-2c8ff23efb1a0ac1.html
glossary,it-jusetsu,/terms/g-7e0163fccbd0c86a.html
glossary,it-jusetsu-yoken,/terms/g-2e0bd6f883c19cb6.html
glossary,iyaku-kin,/terms/g-76af604c232c0b96.html
glossary,jiko,/terms/g-e9e304462b51df36.html
glossary,jiko-jiko-dairi,/terms/g-d72889ed8d30847a.html
glossary,jiko-syoyu,/terms/g-4bbd16cbcd0e3534.html
glossary,jimusho-hani,/terms/g-3350472981e692ce.html
glossary,jimusho-yoken,/terms/g-4639ed7d7d1102dd.html
glossary,jinteki-tanpo,/terms/g-76df719c03db54c1.html
glossary,johiki-kikan,/terms/g-8e50e18ee5355893.html
glossary,joken-kigen,/terms/g-a399f70595e662f6.html
glossary,joto,/terms/g-5f833eca18b46742.html
glossary,joto-choki-tanki,/terms/g-f00c341c1562d78e.html
glossary,joto-hiyo,/terms/g-ed925746be6e0698.html
glossary,joto-tanpo,/terms/g-746ee5a6163feeb9.html
glossary,jugyosha-meibo,/terms/g-281874d945ac4cec.html
glossary,jun-taika-kenchikubutsu,/terms/g-4caea5e8402a79c2.html
glossary,junkentoshi-keikaku,/terms/g-c8774199fcae4184.html
glossary,jusetsu,/terms/g-12538c772f9b4d73.html
glossary,jutaku-loan-gensen,/terms/g-17f1c6a5027a9ce3.html
glossary,jutaku-zouyo,/terms/g-f755026f4bfbc649.html
glossary,juutaku-seisan-kuiki,/terms/g-8d27e6611c107336.html
glossary,juuyou-fukokuchi,/terms/g-8d72cbc9daeaa863.html
glossary,juuyou-jikou-hani,/terms/g-b40132bde577eb79.html
glossary,kaihatsu,/terms/g-fe7ec8f7344d3ffd.html
glossary,kaihatsu-henko,/terms/g-438c85b4fa0cb6ec.html
glossary,kaihatsu-kakunin,/terms/g-22994b12a4979776.html
glossary,kaihatsu-kanryou-kensa,/terms/g-a8711ae10485b2e5.html
glossary,kaihatsu-kyoka-fuyo,/terms/g-e364ef1473668195.html
glossary,kaijo-seigen,/terms/g-e96ea9181bd425f9.html
glossary,kaikae-tokubetsu,/terms/g-82bc5192faf074fa.html
glossary,kaimodshi,/terms/g-89d272b5356ef315.html
glossary,kajitsu,/terms/g-2502f2e42382e255.html
glossary,kanri-itaku-keiyaku,/terms/g-fc9f14a93a3f9187.html
glossary,kanryou-kensa,/terms/g-deefcfacb1c42a59.html
glossary,kantoktosho,/terms/g-83f5bc9ab9e78bca.html
glossary,kari-toki,/terms/g-a2b258c485791e37.html
glossary,karite-hogo,/terms/g-c7d953138d9ce42c.html
glossary,kasen-takuchi,/terms/g-e36125115d9ffb15.html
glossary,kashi-tanpo-rikoho,/terms/g-9ec01e38bc031f39.html
glossary,keigen-zeiritsu-10nen,/terms/g-ab8a611878b04f18.html
glossary,keikan,/terms/g-c395abfe96e37bda.html
glossary,keikan-chiku,/terms/g-718bf9f867442936.html
glossary,keiyaku-kaijo,/terms/g-71b72455a827e5ea.html
glossary,keiyaku-seikyuu-tetsuzuki,/terms/g-3433e7305f11e842.html
glossary,keiyaku-seiritsu,/terms/g-ca69a1181825ed78.html
glossary,kenchiku,/terms/g-31187814b8bed23b.html
glossary,kenchiku-kakunin-shinsei,/terms/g-9a7683d168916969.html
glossary,kenchiku-koui,/terms/g-d59b3686e1ffce9c.html
glossary,kenchiku-kyotei,/terms/g-08ee89dd0b1c4560.html
glossary,kenchiku-kyotei-detail,/terms/g-08ee89dd0b1c4560.html
glossary,kenchiku-seigen-hourei,/terms/g-a038811abb084333.html
glossary,kenchiku-setsubi,/terms/g-b510a12c583c40a7.html
glossary,kenchikubutsu,/terms/g-7ef347134a3428cd.html
glossary,kenpei,/terms/g-eb08dd4555884837.html
glossary,kenri-nouryoku,/terms/g-4c02a73c0d57d318.html
glossary,kiken-futan,/terms/g-339e22fda5fe3d46.html
glossary,koeki-yoto,/terms/g-d9f4fd13fb18fdcb.html
glossary,kojin-jouhou-hogo,/terms/g-e773dd05fddab794.html
glossary,kokudo-riyoh,/terms/g-3fa67d6649a26f1e.html
glossary,kokudo-todokede,/terms/g-21bef6ce6cf982a0.html
glossary,konkyo-houtei,/terms/g-0bc6da5ee57b5fb8.html
glossary,koshin-kyozetsu-jiyuu,/terms/g-903b67d86086f87d.html
glossary,kotei,/terms/g-9218d019a982e207.html
glossary,kotei-chousei,/terms/g-5e288ebfd2fd2e38.html
glossary,kotei-hyokagaku,/terms/g-1b8cd4b9a2a2f621.html
glossary,kotei-juuran,/terms/g-e4e8ce35e491124f.html
glossary,kotei-kazei-daicho,/terms/g-9cb54953a68c2f4a.html
glossary,kotei-noufu,/terms/g-b549bc2612ae8e12.html
glossary,koudo-chiku,/terms/g-f820da932270c82c.html
glossary,koudo-riyou-chiku-detail,/terms/g-273be48ae320a291.html
glossary,koudo-riyouchiku,/terms/g-273be48ae320a291.html
glossary,koui-nouryoku,/terms/g-c7a83a3eaf62ac4b.html
glossary,koukai,/terms/g-9276a24ab5736b33.html
glossary,koukoku-kisei,/terms/g-99661cf50bdd70c7.html
glossary,kubun-shoyuken,/terms/g-394cce849426611b.html
glossary,kukaku-seiri,/terms/g-95d116338a025830.html
glossary,kyakka-chintaishaku,/terms/g-fcbd5bfc2237806e.html
glossary,kyodo-shoyuu-bunkatsu,/terms/g-77e5989d37624bef.html
glossary,kyodo-teito,/terms/g-1a12c083d5962fe0.html
glossary,kyoyu,/terms/g-2baf1822e892c64f.html
glossary,loan-control,/terms/g-0855a62f6e8b9abb.html
glossary,meibo-toroku,/terms/g-9e6882b22113b738.html
glossary,meigi-kashi,/terms/g-b81f8029f3084b06.html
glossary,meikaku-ka-houshin,/terms/g-df1bf866db6687c8.html
glossary,menjo,/terms/g-b9284b4bf1460757.html
glossary,menkyo,/terms/g-1fb8069d67357dfb.html
glossary,menkyo-gae,/terms/g-56d9917b0a7fe408.html
glossary,menkyo-koshin,/terms/g-9568394558eb72da.html
glossary,mikansei-bukken,/terms/g-069abb15449101ea.html
glossary,morijoken,/terms/g-43ed4c6df20edcab.html
glossary,muko-torikeshi,/terms/g-31b5be0cfff1a57c.html
glossary,nedan-no-shitsugi,/terms/g-74011dd5f1668d67.html
glossary,nekon-teito,/terms/g-c48c1d2411072c36.html
glossary,nichiei-shasen,/terms/g-a09314d5576c9fe4.html
glossary,nikage-shamen,/terms/g-a09314d5576c9fe4.html
glossary,nikou-douro,/terms/g-626ca2efca29c0f5.html
glossary,nochi,/terms/g-7e02c75909ec445b.html
glossary,nochi-tenyo,/terms/g-74fe119b398c7736.html
glossary,nougyou-seisan,/terms/g-6439deebb85fdffe.html
glossary,reins,/terms/g-a7dcf3fec4f62821.html
glossary,reins-touroku-jiki,/terms/g-18d785e09aab7a27.html
glossary,rekinen-kazei,/terms/g-35a67706ac182755.html
glossary,rekishi-fuchi,/terms/g-8d0d9c98ee9e23f4.html
glossary,rentai-saimu,/terms/g-8329c8328f20a367.html
glossary,renzai,/terms/g-40b057bbc89e9f8d.html
glossary,rinkai-setchi,/terms/g-e0d770014a0d97c4.html
glossary,ryouchi-toku,/terms/g-a3518e11f9dc645f.html
glossary,ryuuchi-seinin,/terms/g-a0297426e05d7ebd.html
glossary,sagi-kyoho,/terms/g-21f18af32e251517.html
glossary,saiken-joto,/terms/g-24a29df255ad1e3f.html
glossary,saikensha-daiiiken,/terms/g-6e6488ba0cb58a5d.html
glossary,saimu-furikoh,/terms/g-589887d5198afc23.html
glossary,saimu-hikiuke,/terms/g-674d4ea97b7bfdff.html
glossary,sanzenman-kojo,/terms/g-9fd3cf3c5afa2232.html
glossary,sashiosae-kyosei,/terms/g-4ba08223c6369c8d.html
glossary,seigen,/terms/g-1077e6b1aad08257.html
glossary,seigen-kaburan,/terms/g-fb98848b40f4f252.html
glossary,sennin-baikai,/terms/g-0eb0a8f00da461a0.html
glossary,senyu,/terms/g-2d8fc6e2a31fea07.html
glossary,senyu-kaishu,/terms/g-c5529c52ede78b56.html
glossary,senzoku-sennin-baikai,/terms/g-0baf1e2865a4dc31.html
glossary,shakuchi,/terms/g-987ef3674a52d355.html
glossary,shakuchi-chinju,/terms/g-c37264bc5609da04.html
glossary,shakuchiken,/terms/g-c3bd4b04e55dc594.html
glossary,shakuchiken-itiji,/terms/g-f0c6d44553863014.html
glossary,shichi-sakidori,/terms/g-f1760dacd04969e7.html
glossary,shigaichi-kuiki,/terms/g-039356c740321540.html
glossary,shiin-zoyo,/terms/g-acf341a03f3dcfbf.html
glossary,shikibukken,/terms/g-5a3f8c058f9b7885.html
glossary,shikibun,/terms/g-a9dab7a0d07ea799.html
glossary,shikikin-reikin,/terms/g-0f0cc9495ae4fb96.html
glossary,shinetsei-seiri,/terms/g-398f365a7b497a0a.html
glossary,shintaku,/terms/g-88d739cb36602345.html
glossary,shisan-hyouka-chika,/terms/g-6953d54d15b15c72.html
glossary,shisan-jojo-kisan,/terms/g-91d42b92a4554abc.html
glossary,shisan-keisan-kiso,/terms/g-caf32e336f74857d.html
glossary,shisan-sisan-kojyo,/terms/g-f3b6adcfc530c244.html
glossary,shisanzei-kojogaku,/terms/g-c579d0ef07072bff.html
glossary,shiyou-taishaku,/terms/g-e14ef5eea034efa9.html
glossary,shizen-hogo-kuiki,/terms/g-8fc2a4393c7234bb.html
glossary,shohi-zei-fudosan,/terms/g-77d57da9ba54224c.html
glossary,shohi-zei-keisan,/terms/g-320c274b5d1215cd.html
glossary,shokibo-takuchi,/terms/g-7973c705da166476.html
glossary,shoumetsu-jiko,/terms/g-e44e50bb789c9ca1.html
glossary,shoyuken,/terms/g-1d8daffb24786a30.html
glossary,shuppatsu-jiko,/terms/g-e4668b0b08647c31.html
glossary,shutoku-jiki-kazei,/terms/g-7825ff19ebc6e941.html
glossary,shutokuhi,/terms/g-0447c307f5df85c8.html
glossary,shutsudan-bunseki,/terms/g-10b987d786d55fa0.html
glossary,shuuzen-jourei,/terms/g-c59d6cd230427fd3.html
glossary,shuyoukaidou-setback,/terms/g-5bbad40f39d6c683.html
glossary,shuzai-ninyou,/terms/g-215e1bf24ea045e7.html
glossary,sogo-kazei,/terms/g-f4395d989d20126b.html
glossary,sonbai-yotei,/terms/g-a6fa4a5ca911c608.html
glossary,songai-baisho,/terms/g-db07237a84258226.html
glossary,sorin-kankei,/terms/g-58f5bfa3258ce7db.html
glossary,souzoku,/terms/g-7f59d6b5d59b21a2.html
glossary,souzoku-hoki,/terms/g-03041f146711f615.html
glossary,souzoku-kiso-kojo,/terms/g-8b6f497961604256.html
glossary,souzoku-zeikin,/terms/g-fd53a4e423608126.html
glossary,souzokuji-seisan,/terms/g-1b432f2387e79365.html
glossary,sozoku-mokuhyou,/terms/g-7f59d6b5d59b21a2.html
glossary,taika-kenchikubutsu,/terms/g-94324be8e7e9500b.html
glossary,taikaku-jogen,/terms/g-b05e90f768280e87.html
glossary,tainou-koui,/terms/g-24f391c98752d7e2.html
glossary,tajinbutsu-baibai,/terms/g-9daf78a101355269.html
glossary,takken-shuninsha,/terms/g-79fec34931f8060d.html
glossary,takkenshi,/terms/g-7ea122b7ef0561a7.html
glossary,takuchi-tatemono-teigi,/terms/g-d3b82297165f891d.html
glossary,takuchi-zosei-kuiki,/terms/g-f912b0067daa56cc.html
glossary,tanjun-shonin,/terms/g-bf0f9a25c9421505.html
glossary,teiki-chintaishaku,/terms/g-40728d6c58123a28.html
glossary,teiki-jouhou-teikyou,/terms/g-0aaf06aa75e83f66.html
glossary,teito,/terms/g-05580dfcc11f9ae0.html
glossary,teito-jikko,/terms/g-3978c165ac9283d1.html
glossary,teito-junni,/terms/g-6be9388b5c9f6a26.html
glossary,teito-settei-keiyaku,/terms/g-41ac371ad1832551.html
glossary,tentaishaku,/terms/g-4c48c03b3911db32.html
glossary,tentatsu-matagas,/terms/g-ff5a1d1378e6c50d.html
glossary,tetsuke,/terms/g-f98428062dfa132a.html
glossary,tetsukekin-hozen,/terms/g-f98428062dfa132a.html
glossary,tochi-saiken,/terms/g-068e91320968e091.html
glossary,toki-reitenzei,/terms/g-59719fefc6251532.html
glossary,tokubetsu-yoto-chiku,/terms/g-429a3d2e65f7ade4.html
glossary,tokurei-jouto,/terms/g-cfa236bde7ad0e24.html
glossary,tokushu-kenchikubutsu,/terms/g-6e185ec9d9cbc602.html
glossary,tokutei-denkijou,/terms/g-92444bd29bc727aa.html
glossary,tokutei-gaiku,/terms/g-4887e418fdffbbd9.html
glossary,tokutei-kenchiku,/terms/g-a138c18964842234.html
glossary,tokutei-morido,/terms/g-75f69958dfcde92e.html
glossary,tokutei-shiro-shisan,/terms/g-45d78f616cf46369.html
glossary,tokutei-yoto-seigen,/terms/g-45d78f616cf46369.html
glossary,tokuyaku-seigen,/terms/g-33e41dbe5f50affd.html
glossary,torihiki-daicho,/terms/g-91d1a7b439084844.html
glossary,toroku,/terms/g-7a28bad819f8f5e5.html
glossary,toroku-iten,/terms/g-a67886f0a0d92e92.html
glossary,toroku-menkyo-kazei-hyojun,/terms/g-41002b8feda03bc3.html
glossary,toroku-menkyo-keigen,/terms/g-132ca12b140a9a98.html
glossary,toshi,/terms/g-5cccc26b5d098864.html
glossary,toshi-keikaku-kettei,/terms/g-698d90e34f7c5ecf.html
glossary,toshi-keikaku-zei,/terms/g-404d238d0fae2ff2.html
glossary,toshikeikaku-jigyo,/terms/g-755c7f3f3f292027.html
glossary,toshishisetsu,/terms/g-269873813beae0b5.html
glossary,toukei-taisaku,/terms/g-e5775c890fcb3c88.html
glossary,touki,/terms/g-0cd3cd4a768dafcf.html
glossary,tsuikyuko,/terms/g-dbb250a06b656e9c.html
glossary,tsunami-takashio,/terms/g-c1b8659b0b7befbe.html
glossary,ukeoi-inin,/terms/g-84b2d7b1c3ea3b2d.html
glossary,warihukehanbai,/terms/g-10b5229333622952.html
glossary,yigon,/terms/g-a6ce6f0d1e8e56eb.html
glossary,yoseki,/terms/g-7b001f5d40fc8e60.html
glossary,yosen-ronten,/terms/g-73494436c7f6f43d.html
glossary,yoto,/terms/g-48bef6946697c1c6.html
glossary,yoto-chiiki-shurui,/terms/g-c662c6d62dbea978.html
glossary,yoto-henko,/terms/g-10c708b4ed75f565.html
glossary,yusen-bensai,/terms/g-26e3f97a34907b57.html
glossary,yuusen-jounin,/terms/g-8fb98ecf96daa08b.html
glossary,zengo-kashitsu,/terms/g-04f06c2ad697a161.html
glossary,zoki-joto-kazei,/terms/g-5f833eca18b46742.html
glossary,zosaku-kaitori,/terms/g-bb7ffbe3a9901688.html
glossary,zoyo-minpo,/terms/g-dcf022631cf3c083.html
glossary,zoyo-zei,/terms/g-6629f9e932759d12.html
